Date,Country,State,Initial Claims,Avg Insured Unemployment Rate,Monthly new case,Civilian noninstitutional population,Avg Employed Percent of Population,Employed Total,Avg Percent of Population,Avg Unemployed Percent of Labor Force,Unemployed Total
Jan-20,United States,Alabama,"12,819",1,0,"3,876,526",56,"2,180,872",58,3,"59,405"
Jan-20,United States,Alaska,"4,536",3,0,"546,109",62,"335,692",65,5,"17,657"
Jan-20,United States,Arizona,"15,413",1,1,"5,802,213",59,"3,409,624",62,5,"171,670"
Jan-20,United States,Arkansas,"8,481",1,0,"2,353,674",56,"1,322,159",58,4,"50,132"
Jan-20,United States,California,"199,167",2,0,"39,118,595",60,"23,556,224",63,4,"1,073,820"
Jan-20,United States,Colorado,"10,118",1,0,"4,584,112",67,"3,070,164",69,3,"84,380"
Jan-20,United States,Connecticut,"20,563",3,0,"2,885,953",64,"1,850,746",67,4,"70,295"
Jan-20,United States,Delaware,"3,486",1,0,"786,721",60,"472,306",63,4,"21,021"
Jan-20,United States,District of Columbia,"2,315",1,0,"582,696",69,"399,827",72,5,"20,533"
Jan-20,United States,Florida,"22,774",0,0,"17,555,962",58,"10,116,910",60,3,"342,027"
Jan-20,United States,Georgia,"48,440",1,0,"8,260,627",61,"5,024,604",63,3,"173,827"
Jan-20,United States,Hawaii,"5,899",1,0,"1,089,395",61,"659,237",62,2,"13,780"
Jan-20,United States,Idaho,"9,081",2,0,"1,390,161",62,"867,117",64,3,"22,827"
Jan-20,United States,Illinois,"49,051",2,2,"9,983,613",62,"6,149,010",64,4,"221,025"
Jan-20,United States,Indiana,"16,021",1,0,"5,262,529",62,"3,266,538",64,3,"106,458"
Jan-20,United States,Iowa,"16,152",2,0,"2,477,479",68,"1,684,860",70,3,"49,313"
Jan-20,United States,Kansas,"9,118",1,0,"2,232,550",65,"1,453,029",67,3,"47,148"
Jan-20,United States,Kentucky,"14,796",1,0,"3,504,469",57,"1,995,321",59,4,"85,765"
Jan-20,United States,Louisiana,"8,065",1,0,"3,584,646",57,"2,041,637",60,5,"109,270"
Jan-20,United States,Maine,"5,127",1,0,"1,115,592",61,"678,873",63,3,"20,773"
Jan-20,United States,Maryland,"15,646",1,0,"4,773,748",67,"3,187,160",69,3,"111,061"
Jan-20,United States,Massachusetts,"31,210",2,0,"5,647,161",65,"3,657,139",67,3,"106,651"
Jan-20,United States,Michigan,"45,434",2,0,"7,998,157",59,"4,753,182",62,4,"183,525"
Jan-20,United States,Minnesota,"21,620",2,0,"4,440,365",68,"3,017,331",70,3,"98,843"
Jan-20,United States,Mississippi,"4,821",1,0,"2,288,349",53,"1,211,954",56,6,"72,217"
Jan-20,United States,Missouri,"28,799",1,0,"4,828,271",62,"2,989,051",64,4,"110,541"
Jan-20,United States,Montana,"5,468",3,0,"857,398",61,"522,727",63,4,"19,826"
Jan-20,United States,Nebraska,"4,482",1,0,"1,484,013",68,"1,013,444",70,3,"30,755"
Jan-20,United States,Nevada,"9,608",1,0,"2,460,603",63,"1,539,287",65,4,"58,633"
Jan-20,United States,New Hampshire,"2,602",1,0,"1,127,119",67,"753,657",69,3,"19,904"
Jan-20,United States,New Jersey,"48,847",3,0,"7,080,875",62,"4,413,361",65,4,"167,403"
Jan-20,United States,New Mexico,"3,704",1,0,"1,648,883",56,"915,559",59,5,"49,446"
Jan-20,United States,New York,"101,005",2,0,"22,335,479",59,"13,081,901",61,4,"508,011"
Jan-20,United States,North Carolina,"15,697",0,0,"8,316,381",59,"4,928,448",61,4,"179,605"
Jan-20,United States,North Dakota,"3,694",2,0,"584,888",68,"398,499",70,2,"9,148"
Jan-20,United States,Ohio,"36,667",1,0,"9,256,594",61,"5,627,571",64,5,"267,554"
Jan-20,United States,Oklahoma,"8,788",1,0,"3,044,378",59,"1,793,406",61,3,"56,894"
Jan-20,United States,Oregon,"21,437",2,0,"3,428,283",59,"2,037,231",62,3,"71,746"
Jan-20,United States,Pennsylvania,"83,231",3,0,"10,283,103",61,"6,216,949",64,5,"315,155"
Jan-20,United States,Rhode Island,"6,031",2,0,"864,092",63,"540,769",65,4,"21,243"
Jan-20,United States,South Carolina,"17,474",1,0,"4,104,607",56,"2,304,184",58,3,"62,138"
Jan-20,United States,South Dakota,"1,495",1,0,"677,767",67,"450,535",69,3,"13,462"
Jan-20,United States,Tennessee,"12,372",1,0,"5,413,972",59,"3,214,183",62,4,"124,263"
Jan-20,United States,Texas,"63,122",1,0,"22,136,086",62,"13,673,709",64,4,"505,056"
Jan-20,United States,Utah,"6,081",1,0,"2,377,669",67,"1,590,908",69,2,"39,910"
Jan-20,United States,Vermont,"2,602",2,0,"518,807",65,"335,164",66,3,"8,464"
Jan-20,United States,Virginia,"12,721",1,0,"6,711,014",65,"4,343,866",66,3,"109,989"
Jan-20,United States,Washington,"36,244",2,1,"6,067,267",63,"3,799,953",65,4,"157,051"
Jan-20,United States,West Virginia,"7,387",3,0,"1,447,094",53,"764,995",56,5,"40,305"
Jan-20,United States,Wisconsin,"33,631",2,0,"4,647,953",64,"2,982,788",66,3,"102,166"
Jan-20,United States,Wyoming,"2,658",1,0,"453,129",63,"285,320",66,4,"13,280"
Feb-20,United States,Alabama,"9,637",1,0,"3,877,055",56,"2,177,852",58,3,"58,639"
Feb-20,United States,Alaska,"4,664",3,0,"545,922",61,"335,023",65,5,"17,917"
Feb-20,United States,Arizona,"17,218",1,0,"5,812,433",59,"3,407,756",62,5,"176,289"
Feb-20,United States,Arkansas,"7,636",1,0,"2,354,279",56,"1,319,917",58,4,"52,027"
Feb-20,United States,California,"203,952",2,34,"39,115,154",60,"23,527,468",63,5,"1,103,443"
Feb-20,United States,Colorado,"10,283",1,0,"4,588,565",67,"3,065,913",69,3,"87,669"
Feb-20,United States,Connecticut,"13,736",2,0,"2,885,386",64,"1,846,218",67,4,"71,775"
Feb-20,United States,Delaware,"2,996",1,0,"787,402",60,"471,865",63,5,"22,170"
Feb-20,United States,District of Columbia,"2,394",1,0,"582,864",69,"399,437",72,5,"21,011"
Feb-20,United States,Florida,"26,005",0,0,"17,571,923",58,"10,111,574",60,3,"349,830"
Feb-20,United States,Georgia,"27,621",1,2,"8,266,924",61,"5,021,666",63,4,"179,769"
Feb-20,United States,Hawaii,"5,540",1,0,"1,088,920",60,"658,112",62,2,"13,789"
Feb-20,United States,Idaho,"6,357",2,0,"1,392,964",62,"866,502",64,3,"23,542"
Feb-20,United States,Illinois,"47,974",2,0,"9,978,724",61,"6,128,641",64,4,"226,420"
Feb-20,United States,Indiana,"13,552",1,0,"5,263,980",62,"3,250,571",64,3,"108,589"
Feb-20,United States,Iowa,"12,555",2,0,"2,477,569",68,"1,678,066",70,3,"49,883"
Feb-20,United States,Kansas,"9,194",1,0,"2,232,676",65,"1,450,486",67,3,"47,558"
Feb-20,United States,Kentucky,"13,105",1,0,"3,504,588",57,"1,991,434",59,4,"86,464"
Feb-20,United States,Louisiana,"8,909",1,0,"3,583,665",57,"2,039,411",60,5,"112,096"
Feb-20,United States,Maine,"3,972",1,0,"1,115,854",61,"677,448",63,3,"21,619"
Feb-20,United States,Maryland,"14,727",1,0,"4,773,523",67,"3,184,239",69,4,"114,204"
Feb-20,United States,Massachusetts,"30,923",2,1,"5,647,178",65,"3,642,616",66,3,"104,606"
Feb-20,United States,Michigan,"30,444",2,0,"7,996,913",59,"4,743,379",62,4,"184,570"
Feb-20,United States,Minnesota,"18,398",2,0,"4,441,480",68,"3,013,513",70,3,"103,568"
Feb-20,United States,Mississippi,"4,363",1,0,"2,287,820",53,"1,209,022",56,6,"74,282"
Feb-20,United States,Missouri,"17,629",1,0,"4,828,978",62,"2,984,967",64,4,"112,592"
Feb-20,United States,Montana,"4,248",3,0,"858,070",61,"522,142",63,4,"20,226"
Feb-20,United States,Nebraska,"3,185",1,0,"1,484,359",68,"1,012,002",70,3,"31,338"
Feb-20,United States,Nevada,"11,999",1,0,"2,464,244",63,"1,539,656",65,4,"59,795"
Feb-20,United States,New Hampshire,"2,725",1,0,"1,127,540",67,"750,806",68,3,"20,167"
Feb-20,United States,New Jersey,"42,311",3,0,"7,080,077",62,"4,408,621",65,4,"170,184"
Feb-20,United States,New Mexico,"3,800",1,0,"1,649,631",55,"913,313",58,5,"50,856"
Feb-20,United States,New York,"91,240",2,0,"22,320,524",59,"13,053,458",61,4,"519,544"
Feb-20,United States,North Carolina,"14,650",0,0,"8,323,641",59,"4,921,641",61,4,"183,494"
Feb-20,United States,North Dakota,"2,228",2,0,"584,891",68,"397,520",70,2,"9,268"
Feb-20,United States,Ohio,"36,810",1,0,"9,255,817",61,"5,619,606",64,5,"279,403"
Feb-20,United States,Oklahoma,"8,094",1,28,"3,045,622",59,"1,788,930",61,3,"58,142"
Feb-20,United States,Oregon,"21,540",2,1,"3,430,274",59,"2,033,344",61,4,"74,355"
Feb-20,United States,Pennsylvania,"68,577",2,0,"10,281,185",60,"6,204,448",64,5,"324,050"
Feb-20,United States,Rhode Island,"5,721",2,0,"864,034",63,"539,776",65,4,"22,198"
Feb-20,United States,South Carolina,"10,042",1,0,"4,108,954",56,"2,299,341",58,3,"65,980"
Feb-20,United States,South Dakota,984,1,0,"678,100",66,"449,740",68,3,"13,503"
Feb-20,United States,Tennessee,"10,532",1,0,"5,417,729",59,"3,203,564",62,4,"129,907"
Feb-20,United States,Texas,"65,216",1,0,"22,163,701",62,"13,662,942",64,4,"519,375"
Feb-20,United States,Utah,"5,583",1,0,"2,381,430",67,"1,590,455",69,3,"40,761"
Feb-20,United States,Vermont,"2,972",2,0,"518,755",64,"334,270",66,3,"8,617"
Feb-20,United States,Virginia,"13,711",1,0,"6,713,131",65,"4,337,089",66,3,"111,534"
Feb-20,United States,Washington,"31,446",2,0,"6,072,840",63,"3,799,304",65,4,"162,671"
Feb-20,United States,West Virginia,"6,057",3,0,"1,446,237",53,"764,274",56,5,"41,430"
Feb-20,United States,Wisconsin,"30,423",2,0,"4,648,731",64,"2,974,233",66,3,"101,422"
Feb-20,United States,Wyoming,"2,576",1,0,"453,321",63,"284,507",66,5,"14,311"
Mar-20,United States,Alabama,"95,358",1,"1,057","3,878,006",56,"2,176,275",58,3,"57,895"
Mar-20,United States,Alaska,"23,556",3,128,"545,866",61,"334,331",65,5,"18,073"
Mar-20,United States,Arizona,"125,489",1,"1,288","5,823,018",59,"3,406,748",62,5,"180,953"
Mar-20,United States,Arkansas,"40,256",1,560,"2,355,118",56,"1,318,251",58,4,"53,851"
Mar-20,United States,California,"1,345,649",2,"6,898","39,112,856",59,"22,977,923",62,5,"1,129,544"
Mar-20,United States,Colorado,"85,798",1,"2,937","4,593,310",64,"2,953,112",68,5,"146,120"
Mar-20,United States,Connecticut,"64,294",3,"3,128","2,885,051",64,"1,842,200",66,4,"73,444"
Mar-20,United States,Delaware,"30,903",2,414,"788,163",58,"458,200",61,5,"23,144"
Mar-20,United States,District of Columbia,"32,015",2,495,"583,080",68,"398,895",72,5,"21,686"
Mar-20,United States,Florida,"314,585",0,"6,515","17,589,075",58,"10,106,833",60,5,"522,791"
Mar-20,United States,Georgia,"155,974",1,"4,234","8,273,938",61,"5,018,477",63,4,"186,995"
Mar-20,United States,Hawaii,"60,277",1,283,"1,088,470",60,"657,086",62,2,"13,993"
Mar-20,United States,Idaho,"48,496",1,525,"1,395,898",62,"865,860",64,3,"24,330"
Mar-20,United States,Illinois,"332,323",2,"5,992","9,974,673",61,"6,109,809",64,4,"235,624"
Mar-20,United States,Indiana,"203,748",1,"2,159","5,265,950",61,"3,235,038",64,3,"111,373"
Mar-20,United States,Iowa,"101,368",2,497,"2,477,947",68,"1,671,622",70,3,"50,101"
Mar-20,United States,Kansas,"66,179",1,428,"2,233,058",65,"1,448,406",67,3,"47,476"
Mar-20,United States,Kentucky,"167,420",1,711,"3,505,113",57,"1,988,308",59,4,"86,804"
Mar-20,United States,Louisiana,"173,791",1,"5,237","3,583,040",57,"2,036,022",60,5,"114,765"
Mar-20,United States,Maine,"46,578",2,303,"1,116,239",61,"676,175",63,3,"21,553"
Mar-20,United States,Maryland,"134,898",1,"1,660","4,773,662",67,"3,181,957",69,4,"116,706"
Mar-20,United States,Massachusetts,"342,036",3,"6,619","5,647,723",64,"3,627,179",66,3,"101,708"
Mar-20,United States,Michigan,"442,829",2,"19,903","7,996,478",59,"4,734,860",62,4,"182,929"
Mar-20,United States,Minnesota,"232,366",3,689,"4,443,088",68,"3,008,879",70,4,"109,501"
Mar-20,United States,Mississippi,"39,560",1,"2,242","2,287,475",53,"1,206,406",56,6,"76,782"
Mar-20,United States,Missouri,"153,547",1,"2,558","4,830,226",62,"2,982,405",64,4,"114,188"
Mar-20,United States,Montana,"37,643",3,203,"858,828",61,"521,657",63,4,"20,489"
Mar-20,United States,Nebraska,"42,243",1,180,"1,484,852",68,"1,011,133",70,3,"32,103"
Mar-20,United States,Nevada,"172,905",2,"1,113","2,467,941",60,"1,485,811",64,6,"102,089"
Mar-20,United States,New Hampshire,"61,894",2,367,"1,128,113",66,"748,302",68,3,"20,598"
Mar-20,United States,New Jersey,"339,531",3,"18,696","7,079,785",62,"4,404,152",65,4,"172,081"
Mar-20,United States,New Mexico,"47,513",2,315,"1,650,449",55,"911,218",58,5,"52,130"
Mar-20,United States,New York,"474,901",2,"86,525","22,306,931",58,"13,027,588",61,2,"529,866"
Mar-20,United States,North Carolina,"272,336",1,"2,314","8,331,625",57,"4,713,081",59,4,"188,762"
Mar-20,United States,North Dakota,"18,318",2,126,"584,972",68,"397,057",70,2,"9,468"
Mar-20,United States,Ohio,"484,188",2,"2,199","9,256,097",60,"5,549,718",63,5,"286,964"
Mar-20,United States,Oklahoma,"73,075",1,"1,627","3,047,166",59,"1,784,671",61,3,"59,716"
Mar-20,United States,Oregon,"85,975",2,689,"3,432,553",59,"2,030,098",61,4,"76,643"
Mar-20,United States,Pennsylvania,"764,722",2,"4,959","10,280,347",60,"6,194,061",64,5,"331,852"
Mar-20,United States,Rhode Island,"65,455",3,511,"864,023",63,"539,591",65,4,"22,696"
Mar-20,United States,South Carolina,"102,283",1,978,"4,113,703",56,"2,297,323",58,3,"69,844"
Mar-20,United States,South Dakota,"8,937",1,108,"678,515",66,"449,245",68,3,"13,510"
Mar-20,United States,Tennessee,"135,311",1,"1,981","5,422,052",59,"3,193,850",61,4,"134,201"
Mar-20,United States,Texas,"462,142",1,"3,266","22,192,219",60,"13,306,781",63,5,"680,008"
Mar-20,United States,Utah,"50,542",1,934,"2,385,460",67,"1,590,309",68,3,"41,397"
Mar-20,United States,Vermont,"19,522",2,271,"518,754",64,"333,471",66,3,"9,016"
Mar-20,United States,Virginia,"164,007",1,"1,484","6,715,837",65,"4,333,184",66,3,"114,298"
Mar-20,United States,Washington,"333,614",2,"5,340","6,078,919",61,"3,724,793",65,5,"207,210"
Mar-20,United States,West Virginia,"19,957",2,162,"1,445,593",53,"763,051",56,5,"42,686"
Mar-20,United States,Wisconsin,"172,207",2,"1,351","4,649,987",64,"2,966,524",66,3,"98,749"
Mar-20,United States,Wyoming,"11,100",1,120,"453,558",63,"283,757",66,5,"15,283"
Apr-20,United States,Alabama,"325,652",6,"6,117","3,879,108",49,"1,899,019",56,13,"288,253"
Apr-20,United States,Alaska,"49,111",13,227,"545,788",56,"304,991",63,12,"40,680"
Apr-20,United States,Arizona,"355,997",5,"6,359","5,834,004",52,"3,040,409",61,14,"504,698"
Apr-20,United States,Arkansas,"140,790",6,"2,695","2,356,097",52,"1,234,204",58,10,"137,367"
Apr-20,United States,California,"2,427,989",10,"41,985","39,113,151",50,"19,536,074",60,16,"3,843,936"
Apr-20,United States,Colorado,"257,199",6,"12,900","4,598,343",57,"2,621,363",65,12,"361,769"
Apr-20,United States,Connecticut,"203,363",14,"24,572","2,884,884",58,"1,669,743",63,9,"156,868"
Apr-20,United States,Delaware,"49,502",7,"4,632","788,966",52,"411,017",60,13,"63,481"
Apr-20,United States,District of Columbia,"42,650",7,"3,828","583,364",62,"361,647",70,11,"45,122"
Apr-20,United States,Florida,"1,290,077",3,"26,982","17,607,252",48,"8,400,513",56,14,"1,364,803"
Apr-20,United States,Georgia,"1,223,281",13,"21,005","8,281,411",53,"4,365,055",60,13,"620,840"
Apr-20,United States,Hawaii,"136,906",9,324,"1,088,090",46,"497,928",59,22,"139,635"
Apr-20,United States,Idaho,"71,285",8,"1,490","1,398,886",55,"775,219",63,12,"101,309"
Apr-20,United States,Illinois,"563,262",8,"46,924","9,971,141",50,"5,029,765",60,17,"996,478"
Apr-20,United States,Indiana,"369,295",6,"15,676","5,268,170",51,"2,680,097",61,17,"544,935"
Apr-20,United States,Iowa,"162,204",9,"6,648","2,478,425",61,"1,522,362",69,11,"190,195"
Apr-20,United States,Kansas,"108,424",5,"3,810","2,233,522",58,"1,298,910",67,13,"187,075"
Apr-20,United States,Kentucky,"429,056",10,"4,024","3,505,783",50,"1,734,915",60,17,"352,568"
Apr-20,United States,Louisiana,"338,338",12,"22,807","3,582,557",50,"1,773,471",57,13,"268,196"
Apr-20,United States,Maine,"63,828",10,820,"1,116,663",53,"594,673",59,9,"59,662"
Apr-20,United States,Maryland,"259,453",7,"21,812","4,774,055",60,"2,848,836",66,9,"282,222"
Apr-20,United States,Massachusetts,"395,787",12,"55,585","5,648,468",51,"2,851,481",60,16,"558,382"
Apr-20,United States,Michigan,"829,472",17,"34,532","7,996,378",44,"3,502,065",57,24,"1,084,356"
Apr-20,United States,Minnesota,"326,817",12,"4,447","4,444,837",62,"2,740,570",68,9,"272,406"
Apr-20,United States,Mississippi,"158,419",7,"6,218","2,287,269",45,"1,027,052",53,16,"191,000"
Apr-20,United States,Missouri,"308,485",7,"6,142","4,831,693",54,"2,606,915",62,13,"373,519"
Apr-20,United States,Montana,"53,747",12,250,"859,622",56,"479,153",63,12,"64,455"
Apr-20,United States,Nebraska,"62,914",6,"4,281","1,485,441",66,"973,730",71,7,"77,832"
Apr-20,United States,Nevada,"219,963",15,"3,894","2,471,833",43,"1,055,435",61,30,"442,217"
Apr-20,United States,New Hampshire,"99,890",13,"1,779","1,128,732",55,"617,342",65,16,"117,688"
Apr-20,United States,New Jersey,"568,361",12,"99,957","7,079,846",53,"3,735,350",63,17,"742,322"
Apr-20,United States,New Mexico,"70,889",9,"3,096","1,651,363",50,"817,889",55,10,"90,683"
Apr-20,United States,New York,"1,163,749",13,"224,538","22,294,547",47,"10,564,498",56,16,"2,012,492"
Apr-20,United States,North Carolina,"482,784",9,"9,177","8,340,016",49,"4,054,932",56,14,"634,823"
Apr-20,United States,North Dakota,"38,966",7,941,"585,064",64,"374,910",70,9,"35,580"
Apr-20,United States,Ohio,"588,937",12,"15,828","9,256,776",50,"4,630,914",60,16,"908,862"
Apr-20,United States,Oklahoma,"214,211",6,"2,789","3,048,864",52,"1,585,139",60,13,"236,541"
Apr-20,United States,Oregon,"203,878",10,"1,820","3,434,992",52,"1,778,695",60,13,"270,838"
Apr-20,United States,Pennsylvania,"618,857",14,"43,175","10,279,924",52,"5,290,771",61,16,"1,023,035"
Apr-20,United States,Rhode Island,"81,914",16,"8,183","864,065",52,"450,988",63,17,"94,704"
Apr-20,United States,South Carolina,"316,520",7,"5,011","4,118,644",51,"2,086,262",57,12,"270,763"
Apr-20,United States,South Dakota,"25,327",4,"2,341","678,940",63,"425,502",69,9,"43,224"
Apr-20,United States,Tennessee,"294,104",7,"8,825","5,426,617",49,"2,679,469",59,16,"503,585"
Apr-20,United States,Texas,"1,124,269",6,"24,821","22,222,320",52,"11,640,170",60,13,"1,727,869"
Apr-20,United States,Utah,"88,942",5,"3,819","2,389,585",61,"1,460,079",68,10,"164,014"
Apr-20,United States,Vermont,"37,851",16,521,"518,778",58,"301,638",68,15,"52,219"
Apr-20,United States,Virginia,"407,205",7,"15,417","6,718,918",58,"3,895,532",65,11,"495,710"
Apr-20,United States,Washington,"538,687",14,"9,067","6,085,331",55,"3,336,286",66,16,"652,077"
Apr-20,United States,West Virginia,"106,011",12,963,"1,444,969",45,"648,712",53,16,"119,473"
Apr-20,United States,Wisconsin,"280,699",10,"5,503","4,651,479",56,"2,607,992",66,15,"453,138"
Apr-20,United States,Wyoming,"20,215",5,439,"453,794",61,"274,922",64,6,"16,038"
May-20,United States,Alabama,"130,055",10,"11,006","3,879,383",53,"2,044,109",57,8,"174,680"
May-20,United States,Alaska,"39,870",16,108,"545,650",56,"305,247",63,12,"40,112"
May-20,United States,Arizona,"155,430",8,"12,288","5,843,415",55,"3,236,482",62,11,"382,642"
May-20,United States,Arkansas,"57,333",10,"3,998","2,356,584",53,"1,237,273",57,9,"114,735"
May-20,United States,California,"1,205,251",19,"61,666","39,101,464",49,"19,325,658",59,10,"3,740,933"
May-20,United States,Colorado,"97,384",9,"10,924","4,602,402",60,"2,744,873",68,12,"360,975"
May-20,United States,Connecticut,"122,955",17,"14,501","2,883,940",58,"1,671,130",65,11,"215,410"
May-20,United States,Delaware,"24,751",12,"4,705","789,583",52,"412,227",60,13,"62,974"
May-20,United States,District of Columbia,"27,785",12,"4,478","583,402",62,"362,414",68,9,"35,508"
May-20,United States,Florida,"1,006,464",11,"21,688","17,620,672",48,"8,533,164",57,14,"1,416,421"
May-20,United States,Georgia,"963,517",18,"20,371","8,286,668",55,"4,558,036",61,9,"472,629"
May-20,United States,Hawaii,"55,312",19,37,"1,087,260",46,"498,685",59,22,"140,209"
May-20,United States,Idaho,"27,463",8,824,"1,401,631",58,"808,995",63,8,"73,250"
May-20,United States,Illinois,"324,575",12,"67,342","9,965,041",52,"5,211,779",62,15,"946,880"
May-20,United States,Indiana,"149,831",9,"16,739","5,269,325",55,"2,874,299",62,12,"390,448"
May-20,United States,Iowa,"71,289",12,"12,407","2,478,455",62,"1,523,062",67,8,"137,780"
May-20,United States,Kansas,"47,867",7,"5,481","2,233,534",61,"1,354,666",67,9,"134,272"
May-20,United States,Kentucky,"283,101",13,"5,598","3,505,869",53,"1,846,754",59,11,"226,560"
May-20,United States,Louisiana,"162,906",17,"11,872","3,581,304",50,"1,771,746",57,13,"267,938"
May-20,United States,Maine,"45,116",18,"1,226","1,116,950",56,"624,764",61,8,"56,255"
May-20,United States,Maryland,"210,330",10,"29,855","4,773,107",60,"2,854,474",66,9,"280,828"
May-20,United States,Massachusetts,"205,445",16,"34,760","5,647,805",54,"3,056,433",64,15,"552,627"
May-20,United States,Michigan,"283,144",23,"43,686","7,994,582",47,"3,718,354",59,21,"976,829"
May-20,United States,Minnesota,"156,919",15,"20,072","4,445,755",62,"2,739,692",70,11,"348,262"
May-20,United States,Mississippi,"121,475",17,"8,987","2,286,517",48,"1,091,934",54,11,"135,173"
May-20,United States,Missouri,"160,002",9,"5,393","4,832,218",54,"2,613,065",60,10,"278,905"
May-20,United States,Montana,"18,893",12,62,"860,294",56,"480,130",61,9,"48,093"
May-20,United States,Nebraska,"25,471",7,"9,605","1,485,719",66,"975,917",69,5,"55,744"
May-20,United States,Nevada,"94,966",24,"3,603","2,474,993",44,"1,083,335",58,25,"351,694"
May-20,United States,New Hampshire,"44,678",17,"2,505","1,129,138",59,"664,208",68,13,"102,630"
May-20,United States,New Jersey,"261,542",15,"42,154","7,077,838",53,"3,741,555",63,17,"738,165"
May-20,United States,New Mexico,"42,785",13,"4,278","1,651,832",50,"818,702",55,10,"90,681"
May-20,United States,New York,"896,077",20,"63,261","22,277,046",47,"10,466,769",57,17,"2,140,713"
May-20,United States,North Carolina,"271,472",13,"19,151","8,346,437",50,"4,151,695",58,14,"647,514"
May-20,United States,North Dakota,"14,709",8,"1,510","585,062",64,"376,538",71,9,"35,724"
May-20,United States,Ohio,"238,239",13,"17,486","9,255,576",54,"4,965,227",63,15,"866,602"
May-20,United States,Oklahoma,"270,494",10,"2,983","3,049,957",54,"1,657,368",60,10,"174,118"
May-20,United States,Oregon,"154,612",15,"1,733","3,436,725",55,"1,873,383",62,12,"247,642"
May-20,United States,Pennsylvania,"247,852",18,"27,806","10,277,311",54,"5,549,484",62,14,"862,639"
May-20,United States,Rhode Island,"24,901",19,"6,146","863,889",53,"453,692",60,13,"67,251"
May-20,United States,South Carolina,"155,053",12,"6,069","4,122,608",51,"2,092,571",57,12,"273,164"
May-20,United States,South Dakota,"18,058",5,"2,544","679,284",63,"426,579",68,7,"32,232"
May-20,United States,Tennessee,"140,384",10,"11,863","5,430,156",53,"2,848,150",58,10,"302,359"
May-20,United States,Texas,"753,947",10,"36,200","22,245,728",54,"11,992,731",61,12,"1,575,199"
May-20,United States,Utah,"32,649",6,"5,191","2,393,257",61,"1,463,992",66,8,"119,690"
May-20,United States,Vermont,"12,004",18,108,"518,699",58,"301,923",64,9,"31,039"
May-20,United States,Virginia,"227,090",11,"28,497","6,720,219",58,"3,912,282",64,9,"361,889"
May-20,United States,Washington,"434,531",21,"7,353","6,090,159",56,"3,417,587",64,13,"487,296"
May-20,United States,West Virginia,"33,887",15,885,"1,444,132",48,"688,146",54,12,"92,761"
May-20,United States,Wisconsin,"161,510",10,"11,549","4,652,037",59,"2,736,271",66,10,"316,637"
May-20,United States,Wyoming,"13,675",6,344,"453,942",61,"275,096",66,9,"25,515"
Jun-20,United States,Alabama,"75,325",8,"20,250","3,879,980",53,"2,049,715",57,8,"171,721"
Jun-20,United States,Alaska,"27,102",15,481,"545,489",56,"306,122",63,11,"39,132"
Jun-20,United States,Arizona,"99,000",7,"59,300","5,853,318",54,"3,180,733",61,11,"381,137"
Jun-20,United States,Arkansas,"39,108",9,"13,524","2,357,230",53,"1,242,595",57,8,"104,792"
Jun-20,United States,California,"1,059,116",17,"112,334","39,092,519",52,"20,170,953",61,15,"3,524,431"
Jun-20,United States,Colorado,"42,139",9,"6,416","4,606,805",61,"2,796,909",69,11,"357,802"
Jun-20,United States,Connecticut,"47,762",16,"4,313","2,883,299",58,"1,675,483",66,11,"215,183"
Jun-20,United States,Delaware,"11,121",10,"1,977","790,266",52,"414,294",60,13,"61,577"
Jun-20,United States,District of Columbia,"12,655",13,"1,526","583,522",62,"364,192",69,9,"35,723"
Jun-20,United States,Florida,"380,362",11,"101,033","17,635,636",50,"8,749,388",56,12,"1,149,098"
Jun-20,United States,Georgia,"510,461",15,"36,065","8,292,650",55,"4,569,851",60,8,"420,648"
Jun-20,United States,Hawaii,"29,957",20,264,"1,086,459",51,"549,249",59,14,"90,108"
Jun-20,United States,Idaho,"17,286",5,"3,278","1,404,514",59,"822,839",63,7,"61,969"
Jun-20,United States,Illinois,"181,328",12,"23,978","9,959,743",55,"5,452,932",64,14,"903,332"
Jun-20,United States,Indiana,"121,106",7,"11,020","5,270,927",56,"2,950,944",62,10,"333,296"
Jun-20,United States,Iowa,"34,497",10,"9,395","2,478,689",62,"1,528,543",66,7,"116,997"
Jun-20,United States,Kansas,"32,522",6,"4,724","2,233,723",62,"1,377,977",66,7,"103,255"
Jun-20,United States,Kentucky,"133,869",9,"6,473","3,506,224",53,"1,851,652",56,6,"111,038"
Jun-20,United States,Louisiana,"86,501",16,"18,179","3,580,287",50,"1,772,157",55,9,"182,860"
Jun-20,United States,Maine,"12,160",11,945,"1,117,286",56,"626,891",59,5,"35,086"
Jun-20,United States,Maryland,"120,371",10,"14,591","4,772,600",62,"2,957,538",68,9,"277,603"
Jun-20,United States,Massachusetts,"135,257",16,"6,736","5,647,618",56,"3,138,699",65,15,"544,980"
Jun-20,United States,Michigan,"107,079",16,"27,082","7,993,462",53,"4,221,930",62,14,"695,082"
Jun-20,United States,Minnesota,"92,867",13,"11,508","4,446,981",65,"2,894,566",72,9,"283,928"
Jun-20,United States,Mississippi,"68,593",12,"15,389","2,285,922",49,"1,117,094",54,10,"118,703"
Jun-20,United States,Missouri,"76,185",8,"11,267","4,833,125",57,"2,752,806",62,8,"241,998"
Jun-20,United States,Montana,"11,927",10,503,"861,056",59,"507,756",64,8,"41,539"
Jun-20,United States,Nebraska,"14,825",6,"5,065","1,486,137",66,"979,531",71,7,"68,870"
Jun-20,United States,Nevada,"42,825",22,"10,074","2,478,346",51,"1,272,287",61,15,"232,061"
Jun-20,United States,New Hampshire,"23,310",15,"1,131","1,129,644",60,"682,282",67,10,"78,679"
Jun-20,United States,New Jersey,"110,623",13,"11,871","7,076,430",53,"3,754,733",63,16,"729,752"
Jun-20,United States,New Mexico,"18,497",13,"4,458","1,652,391",50,"821,293",55,10,"89,553"
Jun-20,United States,New York,"369,108",21,"21,774","22,260,863",50,"11,031,935",59,16,"2,123,490"
Jun-20,United States,North Carolina,"124,832",12,"41,125","8,353,573",53,"4,404,783",58,9,"423,965"
Jun-20,United States,North Dakota,"7,657",7,999,"585,102",65,"379,031",69,6,"25,175"
Jun-20,United States,Ohio,"140,103",9,"16,276","9,255,121",55,"5,093,233",61,10,"587,694"
Jun-20,United States,Oklahoma,"239,322",11,"11,587","3,051,282",55,"1,687,262",60,8,"151,281"
Jun-20,United States,Oregon,"76,622",13,"4,413","3,438,732",56,"1,913,733",62,10,"219,407"
Jun-20,United States,Pennsylvania,"177,228",14,"15,114","10,275,510",54,"5,567,918",63,13,"853,780"
Jun-20,United States,Rhode Island,"13,402",15,"1,896","863,821",53,"457,239",59,11,"55,754"
Jun-20,United States,South Carolina,"78,306",10,"23,621","4,126,972",54,"2,209,060",58,8,"183,862"
Jun-20,United States,South Dakota,"3,499",4,"1,771","679,670",63,"428,351",67,6,"27,958"
Jun-20,United States,Tennessee,"82,371",9,"19,391","5,434,065",53,"2,862,152",58,9,"294,062"
Jun-20,United States,Texas,"370,539",10,"95,699","22,271,053",57,"12,638,796",63,10,"1,429,829"
Jun-20,United States,Utah,"20,065",5,"12,802","2,397,123",65,"1,547,616",69,6,"103,208"
Jun-20,United States,Vermont,"7,061",14,203,"518,679",58,"302,806",63,8,"25,106"
Jun-20,United States,Virginia,"113,665",10,"17,389","6,722,117",59,"3,939,193",64,9,"381,663"
Jun-20,United States,Washington,"124,953",13,"11,065","6,095,478",57,"3,457,295",64,11,"420,323"
Jun-20,United States,West Virginia,"16,028",11,895,"1,443,440",49,"701,850",54,11,"82,775"
Jun-20,United States,Wisconsin,"100,943",8,"13,259","4,653,004",60,"2,786,485",66,9,"262,749"
Jun-20,United States,Wyoming,"6,372",6,584,"454,118",61,"275,846",66,7,"22,037"
Jul-20,United States,Alabama,"80,732",6,"49,585","3,880,648",53,"2,056,348",57,7,"165,510"
Jul-20,United States,Alaska,"28,371",14,"2,049","545,364",56,"307,513",63,11,"37,841"
Jul-20,United States,Arizona,"94,973",8,"94,826","5,863,335",55,"3,233,654",62,10,"377,224"
Jul-20,United States,Arkansas,"56,176",8,"21,734","2,357,952",53,"1,249,195",57,7,"95,211"
Jul-20,United States,California,"1,083,952",17,"270,671","39,083,846",52,"20,329,550",61,14,"3,325,499"
Jul-20,United States,Colorado,"35,050",9,"14,610","4,611,317",62,"2,844,310",67,7,"226,291"
Jul-20,United States,Connecticut,"45,070",15,"3,296","2,882,679",58,"1,681,865",66,11,"213,886"
Jul-20,United States,Delaware,"11,241",10,"3,598","790,928",57,"449,079",62,8,"40,438"
Jul-20,United States,District of Columbia,"11,923",13,"1,799","583,656",63,"366,931",69,9,"35,687"
Jul-20,United States,Florida,"400,210",8,"315,375","17,650,810",51,"8,940,935",57,12,"1,167,208"
Jul-20,United States,Georgia,"450,909",16,"109,057","8,298,770",55,"4,587,883",60,8,"378,397"
Jul-20,United States,Hawaii,"28,782",21,"1,264","1,085,710",51,"551,240",59,14,"90,605"
Jul-20,United States,Idaho,"20,772",4,"14,604","1,407,405",59,"835,264",63,6,"51,926"
Jul-20,United States,Illinois,"146,941",11,"35,880","9,954,618",54,"5,409,563",62,12,"737,271"
Jul-20,United States,Indiana,"88,502",7,"20,560","5,272,639",57,"3,019,818",63,9,"284,548"
Jul-20,United States,Iowa,"36,387",8,"15,635","2,478,961",62,"1,538,161",66,6,"99,646"
Jul-20,United States,Kansas,"33,865",6,"13,369","2,233,951",63,"1,398,770",67,7,"98,659"
Jul-20,United States,Kentucky,"93,355",8,"16,988","3,506,659",53,"1,858,922",56,6,"109,512"
Jul-20,United States,Louisiana,"108,358",17,"58,185","3,579,383",50,"1,775,157",55,9,"177,699"
Jul-20,United States,Maine,"11,925",10,643,"1,117,659",56,"629,790",62,9,"60,585"
Jul-20,United States,Maryland,"83,026",9,"21,447","4,772,159",60,"2,877,939",66,9,"273,891"
Jul-20,United States,Massachusetts,"89,466",15,"6,086","5,647,519",57,"3,213,230",63,10,"349,876"
Jul-20,United States,Michigan,"110,137",13,"41,363","7,992,512",55,"4,399,525",61,9,"435,896"
Jul-20,United States,Minnesota,"74,016",11,"18,472","4,448,291",65,"2,898,989",71,8,"237,784"
Jul-20,United States,Mississippi,"44,752",10,"31,944","2,285,425",50,"1,138,838",55,9,"106,291"
Jul-20,United States,Missouri,"61,838",7,"30,375","4,834,175",60,"2,891,126",64,7,"210,528"
Jul-20,United States,Montana,"10,901",8,"2,947","861,803",59,"509,831",63,7,"35,916"
Jul-20,United States,Nebraska,"17,271",6,"7,035","1,486,531",66,"983,881",69,4,"44,925"
Jul-20,United States,Nevada,"61,088",22,"29,628","2,481,749",51,"1,261,549",61,17,"251,039"
Jul-20,United States,New Hampshire,"15,501",11,801,"1,130,182",62,"697,617",67,8,"61,876"
Jul-20,United States,New Jersey,"140,232",12,"11,286","7,075,110",57,"4,001,090",65,13,"603,541"
Jul-20,United States,New Mexico,"23,976",12,"8,453","1,653,018",50,"825,171",57,13,"118,028"
Jul-20,United States,New York,"359,702",17,"22,310","22,245,002",50,"11,165,153",60,16,"2,097,757"
Jul-20,United States,North Carolina,"112,244",8,"56,603","8,360,872",54,"4,499,275",59,9,"433,293"
Jul-20,United States,North Dakota,"6,370",6,"3,026","585,132",65,"381,887",70,6,"25,054"
Jul-20,United States,Ohio,"127,899",8,"39,370","9,254,910",56,"5,199,086",62,9,"536,234"
Jul-20,United States,Oklahoma,"37,909",8,"23,629","3,052,681",56,"1,714,448",61,7,"132,290"
Jul-20,United States,Oregon,"41,625",10,"9,837","3,440,819",54,"1,842,992",59,10,"194,855"
Jul-20,United States,Pennsylvania,"162,678",12,"26,017","10,273,917",54,"5,592,719",63,13,"839,001"
Jul-20,United States,Rhode Island,"13,462",14,"2,235","863,742",53,"460,794",62,14,"74,880"
Jul-20,United States,South Carolina,"61,789",9,"54,265","4,131,387",54,"2,243,805",59,8,"183,470"
Jul-20,United States,South Dakota,"3,631",4,"2,000","680,076",63,"430,451",67,5,"24,339"
Jul-20,United States,Tennessee,"92,844",8,"60,768","5,438,126",53,"2,884,231",58,9,"283,157"
Jul-20,United States,Texas,"387,327",10,"260,960","22,296,608",57,"12,704,427",63,9,"1,301,082"
Jul-20,United States,Utah,"17,786",5,"18,051","2,401,050",65,"1,556,112",69,5,"89,424"
Jul-20,United States,Vermont,"6,862",13,192,"518,664",59,"304,020",63,6,"20,685"
Jul-20,United States,Virginia,"145,029",10,"28,014","6,724,104",59,"3,972,148",64,8,"341,164"
Jul-20,United States,Washington,"139,142",11,"23,919","6,100,875",57,"3,497,219",64,11,"423,212"
Jul-20,United States,West Virginia,"14,281",10,"3,737","1,442,743",49,"713,138",55,9,"74,254"
Jul-20,United States,Wisconsin,"104,591",8,"25,272","4,654,069",61,"2,829,923",66,7,"219,314"
Jul-20,United States,Wyoming,"7,087",5,"1,239","454,334",61,"277,055",65,7,"20,204"
Aug-20,United States,Alabama,"49,391",3,"38,010","3,882,472",53,"2,061,877",57,7,"156,709"
Aug-20,United States,Alaska,"22,946",11,"2,297","545,315",57,"308,923",61,7,"24,073"
Aug-20,United States,Arizona,"64,183",7,"27,856","5,875,190",56,"3,272,951",60,7,"245,780"
Aug-20,United States,Arkansas,"36,006",5,"18,713","2,359,375",53,"1,254,825",57,7,"86,531"
Aug-20,United States,California,"1,031,385",16,"210,497","39,085,879",52,"20,471,631",60,13,"3,151,579"
Aug-20,United States,Colorado,"32,715",7,"10,638","4,616,798",63,"2,884,052",67,7,"221,791"
Aug-20,United States,Connecticut,"39,073",14,"3,069","2,882,475",59,"1,687,722",64,8,"154,168"
Aug-20,United States,Delaware,"9,075",8,"2,439","791,842",57,"451,598",62,8,"38,635"
Aug-20,United States,District of Columbia,"9,139",12,"1,866","583,802",63,"369,909",70,9,"35,594"
Aug-20,United States,Florida,"309,881",6,"148,790","17,669,527",52,"9,206,578",57,8,"784,438"
Aug-20,United States,Georgia,"302,416",13,"90,035","8,306,713",56,"4,606,347",60,7,"345,147"
Aug-20,United States,Hawaii,"28,361",20,"6,450","1,085,305",51,"552,752",59,14,"90,683"
Aug-20,United States,Idaho,"17,981",3,"11,367","1,410,666",60,"845,684",63,5,"43,439"
Aug-20,United States,Illinois,"123,070",10,"56,607","9,951,889",56,"5,556,088",63,11,"695,651"
Aug-20,United States,Indiana,"56,120",6,"28,042","5,275,194",58,"3,077,335",63,7,"243,522"
Aug-20,United States,Iowa,"29,497",6,"20,241","2,479,628",62,"1,548,511",66,5,"85,971"
Aug-20,United States,Kansas,"25,331",5,"14,800","2,234,666",63,"1,415,790",68,6,"93,916"
Aug-20,United States,Kentucky,"89,576",7,"20,202","3,507,887",53,"1,865,892",56,6,"108,661"
Aug-20,United States,Louisiana,"67,618",15,"32,614","3,579,331",54,"1,924,464",59,8,"171,696"
Aug-20,United States,Maine,"7,156",8,611,"1,118,255",57,"632,379",60,5,"34,518"
Aug-20,United States,Maryland,"43,695",7,"19,498","4,772,659",61,"2,890,448",66,9,"271,319"
Aug-20,United States,Massachusetts,"83,712",12,"8,997","5,647,588",58,"3,277,606",64,9,"336,838"
Aug-20,United States,Michigan,"97,862",11,"39,178","7,993,400",55,"4,428,898",61,9,"412,633"
Aug-20,United States,Minnesota,"54,595",9,"20,676","4,450,313",65,"2,903,291",70,7,"204,317"
Aug-20,United States,Mississippi,"27,686",10,"21,714","2,285,698",51,"1,156,630",55,8,"97,292"
Aug-20,United States,Missouri,"50,361",5,"35,304","4,836,296",60,"2,904,372",64,6,"185,023"
Aug-20,United States,Montana,"10,329",6,"3,528","862,714",59,"511,307",63,6,"31,335"
Aug-20,United States,Nebraska,"9,534",4,"8,196","1,487,267",66,"987,515",69,4,"41,294"
Aug-20,United States,Nevada,"59,310",20,"21,172","2,485,827",52,"1,302,740",61,15,"220,836"
Aug-20,United States,New Hampshire,"13,286",8,692,"1,130,846",63,"709,788",67,7,"50,074"
Aug-20,United States,New Jersey,"96,368",11,"11,506","7,075,217",57,"4,020,511",64,11,"498,957"
Aug-20,United States,New Mexico,"20,786",11,"4,752","1,654,130",50,"828,885",55,9,"85,002"
Aug-20,United States,New York,"315,728",16,"18,821","22,231,372",53,"11,689,759",60,8,"1,687,835"
Aug-20,United States,North Carolina,"75,196",5,"44,929","8,370,202",55,"4,579,743",59,7,"331,558"
Aug-20,United States,North Dakota,"4,134",5,"5,398","585,299",66,"384,233",70,6,"24,889"
Aug-20,United States,Ohio,"106,734",6,"31,998","9,256,696",57,"5,280,326",63,9,"522,877"
Aug-20,United States,Oklahoma,"30,940",8,"20,734","3,054,823",57,"1,736,890",61,6,"116,974"
Aug-20,United States,Oregon,"29,279",9,"8,220","3,443,733",56,"1,911,571",61,8,"174,549"
Aug-20,United States,Pennsylvania,"134,442",11,"22,644","10,274,843",55,"5,614,075",61,10,"638,395"
Aug-20,United States,Rhode Island,"16,595",11,"2,804","863,864",54,"463,277",61,13,"66,705"
Aug-20,United States,South Carolina,"32,532",8,"32,971","4,136,994",55,"2,272,014",58,5,"130,549"
Aug-20,United States,South Dakota,"3,964",3,"4,745","680,545",64,"432,183",67,5,"21,405"
Aug-20,United States,Tennessee,"61,705",7,"49,319","5,443,591",57,"3,104,367",62,8,"273,108"
Aug-20,United States,Texas,"285,238",9,"192,023","22,327,142",59,"13,118,386",63,7,"977,406"
Aug-20,United States,Utah,"14,529",4,"11,995","2,405,329",65,"1,564,538",68,5,"78,088"
Aug-20,United States,Vermont,"4,322",10,185,"518,754",59,"305,041",62,5,"17,252"
Aug-20,United States,Virginia,"74,075",7,"30,814","6,727,072",61,"4,068,442",65,7,"308,054"
Aug-20,United States,Washington,"117,172",9,"18,469","6,107,080",58,"3,532,848",64,9,"353,229"
Aug-20,United States,West Virginia,"11,009",8,"3,608","1,442,376",50,"722,126",55,9,"67,379"
Aug-20,United States,Wisconsin,"74,623",6,"23,634","4,656,094",62,"2,864,676",66,6,"186,240"
Aug-20,United States,Wyoming,"5,026",4,"1,116","454,672",61,"278,278",65,6,"18,434"
Sep-20,United States,Alabama,"35,233",2,"27,937","3,884,533",53,"2,065,378",57,7,"147,334"
Sep-20,United States,Alaska,"14,641",8,"2,601","545,254",57,"309,975",61,7,"23,272"
Sep-20,United States,Arizona,"38,631",7,"16,702","5,887,367",56,"3,299,327",60,7,"242,642"
Sep-20,United States,Arkansas,"22,124",3,"22,473","2,360,906",53,"1,258,219",57,6,"79,430"
Sep-20,United States,California,"866,807",16,"106,540","39,089,605",53,"20,574,520",59,7,"2,568,480"
Sep-20,United States,Colorado,"21,179",6,"13,742","4,622,504",63,"2,914,426",68,7,"218,916"
Sep-20,United States,Connecticut,"20,072",11,"4,671","2,882,419",59,"1,691,446",64,8,"152,627"
Sep-20,United States,Delaware,"6,817",7,"3,141","792,821",57,"453,405",62,8,"37,502"
Sep-20,United States,District of Columbia,"6,391",11,"1,334","584,005",64,"372,267",70,9,"35,646"
Sep-20,United States,Florida,"148,922",4,"77,639","17,689,159",53,"9,333,690",57,7,"719,205"
Sep-20,United States,Georgia,"185,352",12,"54,948","8,315,078",56,"4,620,784",59,7,"320,076"
Sep-20,United States,Hawaii,"27,210",20,"3,858","1,084,946",48,"519,692",56,15,"90,426"
Sep-20,United States,Idaho,"13,908",2,"9,960","1,414,009",60,"853,750",64,6,"54,849"
Sep-20,United States,Illinois,"108,228",9,"59,038","9,949,614",57,"5,703,261",64,10,"660,663"
Sep-20,United States,Indiana,"46,411",5,"25,823","5,277,977",59,"3,121,310",63,6,"210,506"
Sep-20,United States,Iowa,"20,637",4,"24,007","2,480,410",63,"1,556,751",66,5,"76,059"
Sep-20,United States,Kansas,"23,838",3,"17,137","2,235,531",62,"1,382,202",66,6,"90,154"
Sep-20,United States,Kentucky,"33,890",6,"20,759","3,509,267",53,"1,870,874",56,6,"108,971"
Sep-20,United States,Louisiana,"71,886",13,"18,564","3,579,467",54,"1,927,988",59,8,"167,013"
Sep-20,United States,Maine,"5,600",5,883,"1,118,905",57,"634,000",60,5,"32,384"
Sep-20,United States,Maryland,"29,989",6,"16,647","4,773,360",59,"2,800,001",63,7,"209,143"
Sep-20,United States,Massachusetts,"86,078",10,"11,627","5,647,956",59,"3,330,763",65,9,"324,459"
Sep-20,United States,Michigan,"74,577",10,"36,796","7,994,613",56,"4,450,747",61,8,"398,010"
Sep-20,United States,Minnesota,"42,459",7,"23,270","4,452,562",65,"2,905,954",69,6,"180,491"
Sep-20,United States,Mississippi,"18,731",8,"15,005","2,286,039",51,"1,170,336",55,7,"91,440"
Sep-20,United States,Missouri,"35,333",3,"46,213","4,838,656",60,"2,914,028",64,5,"165,932"
Sep-20,United States,Montana,"12,370",5,"5,900","863,704",59,"511,783",63,5,"27,902"
Sep-20,United States,Nebraska,"6,473",2,"11,262","1,488,070",67,"989,626",69,4,"38,568"
Sep-20,United States,Nevada,"32,006",15,"10,601","2,489,990",54,"1,335,440",62,13,"199,734"
Sep-20,United States,New Hampshire,"9,069",6,991,"1,131,541",64,"718,808",67,6,"41,842"
Sep-20,United States,New Jersey,"94,256",9,"15,118","7,075,632",57,"4,035,352",62,8,"341,289"
Sep-20,United States,New Mexico,"12,786",10,"4,083","1,655,347",53,"877,596",58,9,"83,091"
Sep-20,United States,New York,"261,099",13,"24,678","22,218,465",53,"11,773,834",60,7,"1,511,832"
Sep-20,United States,North Carolina,"53,617",3,"41,311","8,379,941",55,"4,642,694",60,7,"364,282"
Sep-20,United States,North Dakota,"3,314",3,"10,218","585,505",66,"385,591",69,5,"18,965"
Sep-20,United States,Ohio,"70,029",5,"30,830","9,258,910",57,"5,250,401",61,7,"418,441"
Sep-20,United States,Oklahoma,"22,890",7,"30,917","3,057,131",57,"1,753,633",61,6,"105,228"
Sep-20,United States,Oregon,"23,825",8,"6,796","3,446,867",57,"1,948,079",61,8,"159,018"
Sep-20,United States,Pennsylvania,"90,090",9,"25,399","10,276,251",57,"5,867,228",62,7,"450,013"
Sep-20,United States,Rhode Island,"12,205",9,"2,958","864,018",58,"497,029",65,11,"60,694"
Sep-20,United States,South Carolina,"19,157",5,"25,766","4,142,816",55,"2,292,518",59,5,"130,400"
Sep-20,United States,South Dakota,"1,779",2,"8,880","681,058",67,"456,477",70,4,"19,189"
Sep-20,United States,Tennessee,"45,730",5,"40,951","5,449,301",57,"3,122,079",62,8,"266,911"
Sep-20,United States,Texas,"204,454",8,"135,998","22,358,893",58,"12,872,257",63,8,"1,105,923"
Sep-20,United States,Utah,"9,881",2,"20,250","2,409,740",65,"1,571,099",68,4,"69,160"
Sep-20,United States,Vermont,"2,588",8,127,"518,848",59,"305,589",62,5,"14,600"
Sep-20,United States,Virginia,"41,194",5,"27,106","6,730,369",60,"4,020,210",64,7,"282,214"
Sep-20,United States,Washington,"89,734",8,"13,687","6,113,541",58,"3,560,713",63,8,"309,301"
Sep-20,United States,West Virginia,"8,121",7,"5,598","1,442,106",51,"729,098",55,8,"62,323"
Sep-20,United States,Wisconsin,"47,310",5,"48,555","4,658,297",64,"2,965,386",67,5,"162,696"
Sep-20,United States,Wyoming,"3,037",3,"2,106","454,998",61,"279,179",65,6,"16,997"
Oct-20,United States,Alabama,"38,463",2,"38,091","3,886,383",56,"2,158,999",58,5,"107,301"
Oct-20,United States,Alaska,"22,874",6,"7,507","545,223",61,"331,171",65,7,"22,904"
Oct-20,United States,Arizona,"36,146",5,"27,495","5,899,190",56,"3,315,121",60,7,"241,312"
Oct-20,United States,Arkansas,"23,554",3,"28,493","2,362,323",53,"1,259,359",56,6,"74,007"
Oct-20,United States,California,"788,828",11,"111,380","39,091,466",55,"21,396,343",61,6,"2,467,471"
Oct-20,United States,Colorado,"31,293",4,"38,758","4,627,942",63,"2,935,611",68,7,"217,880"
Oct-20,United States,Connecticut,"24,640",7,"13,657","2,882,202",59,"1,692,736",64,8,"151,737"
Oct-20,United States,Delaware,"8,736",4,"4,380","793,770",57,"454,271",61,6,"27,544"
Oct-20,United States,District of Columbia,"7,940",8,"1,940","584,150",64,"373,663",70,9,"35,844"
Oct-20,United States,Florida,"195,447",3,"98,404","17,707,888",53,"9,427,112",57,6,"583,412"
Oct-20,United States,Georgia,"224,880",8,"53,276","8,323,051",58,"4,831,831",62,6,"301,359"
Oct-20,United States,Hawaii,"24,655",13,"2,515","1,084,522",51,"553,195",59,14,"89,920"
Oct-20,United States,Idaho,"17,549",1,"22,560","1,417,281",61,"859,499",64,5,"43,795"
Oct-20,United States,Illinois,"257,396",7,"120,796","9,946,882",59,"5,813,987",64,8,"512,477"
Oct-20,United States,Indiana,"70,233",4,"59,339","5,280,606",60,"3,152,745",63,6,"185,261"
Oct-20,United States,Iowa,"21,655",3,"39,136","2,481,099",63,"1,561,396",66,4,"69,180"
Oct-20,United States,Kansas,"48,042",2,"25,432","2,236,251",64,"1,437,158",67,5,"70,939"
Oct-20,United States,Kentucky,"32,125",4,"36,226","3,510,534",53,"1,873,315",57,6,"109,978"
Oct-20,United States,Louisiana,"58,439",8,"19,191","3,579,445",54,"1,929,972",59,8,"164,481"
Oct-20,United States,Maine,"7,772",3,"1,237","1,119,531",57,"634,487",60,5,"31,892"
Oct-20,United States,Maryland,"56,568",4,"20,635","4,773,863",61,"2,903,239",65,7,"210,389"
Oct-20,United States,Massachusetts,"202,151",7,"26,460","5,648,070",60,"3,373,320",65,9,"315,007"
Oct-20,United States,Michigan,"78,520",6,"66,505","7,995,545",56,"4,461,770",61,8,"392,843"
Oct-20,United States,Minnesota,"53,050",4,"49,338","4,454,624",65,"2,906,452",69,5,"163,759"
Oct-20,United States,Mississippi,"18,148",5,"21,304","2,286,309",52,"1,180,316",56,7,"87,918"
Oct-20,United States,Missouri,"44,155",2,"65,625","4,840,816",60,"2,919,089",64,5,"152,428"
Oct-20,United States,Montana,"14,970",4,"19,408","864,626",59,"511,419",62,5,"25,453"
Oct-20,United States,Nebraska,"8,030",2,"25,957","1,488,824",67,"990,239",69,4,"36,579"
Oct-20,United States,Nevada,"42,833",10,"20,678","2,494,084",55,"1,360,394",62,12,"185,350"
Oct-20,United States,New Hampshire,"10,863",4,"2,818","1,132,223",64,"725,252",67,5,"36,127"
Oct-20,United States,New Jersey,"133,426",6,"39,343","7,075,699",57,"4,043,309",62,8,"335,441"
Oct-20,United States,New Mexico,"18,900",7,"17,055","1,656,467",53,"878,694",58,9,"82,015"
Oct-20,United States,New York,"282,746",7,"50,455","22,204,821",53,"11,830,731",59,10,"1,265,322"
Oct-20,United States,North Carolina,"59,066",2,"65,059","8,389,288",56,"4,687,352",60,7,"340,996"
Oct-20,United States,North Dakota,"5,417",2,"22,825","585,654",66,"386,012",69,5,"18,933"
Oct-20,United States,Ohio,"95,330",4,"61,710","9,260,740",58,"5,380,157",62,6,"318,720"
Oct-20,United States,Oklahoma,"26,556",5,"39,651","3,059,281",58,"1,765,143",61,5,"96,447"
Oct-20,United States,Oregon,"22,497",5,"11,412","3,449,790",57,"1,974,681",62,7,"147,884"
Oct-20,United States,Pennsylvania,"103,034",6,"49,597","10,277,210",57,"5,870,140",61,7,"444,342"
Oct-20,United States,Rhode Island,"14,596",4,"8,674","864,169",58,"496,914",62,7,"38,946"
Oct-20,United States,South Carolina,"20,400",3,"28,645","4,148,416",56,"2,306,258",59,5,"130,857"
Oct-20,United States,South Dakota,"2,710",1,"23,603","681,531",67,"456,730",70,4,"17,575"
Oct-20,United States,Tennessee,"46,859",3,"64,225","5,454,779",57,"3,131,888",62,8,"265,044"
Oct-20,United States,Texas,"205,134",5,"151,629","22,389,388",59,"13,177,348",64,7,"1,043,490"
Oct-20,United States,Utah,"12,522",1,"41,614","2,414,062",65,"1,574,896",68,4,"62,319"
Oct-20,United States,Vermont,"3,206",5,414,"518,954",59,"305,655",61,4,"12,714"
Oct-20,United States,Virginia,"54,020",4,"33,672","6,733,361",60,"4,027,562",64,6,"262,900"
Oct-20,United States,Washington,"101,027",5,"21,135","6,119,759",61,"3,704,008",65,7,"277,802"
Oct-20,United States,West Virginia,"10,150",4,"8,612","1,441,770",51,"734,518",55,7,"58,787"
Oct-20,United States,Wisconsin,"69,191",4,"108,747","4,660,353",62,"2,908,317",66,5,"145,990"
Oct-20,United States,Wyoming,"5,188",2,"7,350","455,331",61,"279,620",65,5,"16,003"
Nov-20,United States,Alabama,"36,900",1,"58,297","3,887,946",56,"2,158,343",58,5,"105,558"
Nov-20,United States,Alaska,"17,515",6,"16,395","545,133",61,"331,069",65,7,"23,002"
Nov-20,United States,Arizona,"25,418",3,"80,961","5,910,601",56,"3,322,173",60,7,"241,754"
Nov-20,United States,Arkansas,"15,095",2,"45,169","2,363,579",53,"1,258,385",56,5,"70,215"
Nov-20,United States,California,"615,167",7,"290,963","39,091,917",54,"21,268,358",60,10,"2,234,074"
Nov-20,United States,Colorado,"49,158",3,"135,529","4,633,108",64,"2,947,931",68,7,"218,580"
Nov-20,United States,Connecticut,"23,300",5,"46,088","2,881,741",59,"1,691,777",64,8,"151,751"
Nov-20,United States,Delaware,"6,432",3,"11,232","794,630",57,"453,979",61,6,"27,894"
Nov-20,United States,District of Columbia,"4,956",6,"4,286","584,302",64,"373,627",70,9,"35,985"
Nov-20,United States,Florida,"105,755",2,"193,287","17,725,160",54,"9,485,302",57,5,"539,748"
Nov-20,United States,Georgia,"91,724",6,"82,570","8,330,547",58,"4,831,240",61,6,"285,131"
Nov-20,United States,Hawaii,"16,345",7,"2,713","1,084,113",54,"588,368",61,10,"67,544"
Nov-20,United States,Idaho,"18,813",1,"37,090","1,420,432",61,"862,991",64,4,"38,624"
Nov-20,United States,Illinois,"253,908",6,"309,745","9,943,419",57,"5,662,138",62,8,"499,218"
Nov-20,United States,Indiana,"68,937",3,"159,628","5,282,747",60,"3,173,510",63,5,"167,473"
Nov-20,United States,Iowa,"25,496",2,"101,482","2,481,531",63,"1,560,883",66,4,"64,160"
Nov-20,United States,Kansas,"53,613",2,"72,265","2,236,775",65,"1,442,525",68,5,"70,978"
Nov-20,United States,Kentucky,"32,798",3,"75,948","3,511,462",53,"1,872,685",57,6,"110,689"
Nov-20,United States,Louisiana,"41,915",5,"45,765","3,579,170",54,"1,929,950",59,8,"164,692"
Nov-20,United States,Maine,"8,459",2,"5,308","1,120,025",57,"633,957",60,5,"32,749"
Nov-20,United States,Maryland,"45,821",3,"54,990","4,774,038",61,"2,901,959",65,7,"211,459"
Nov-20,United States,Massachusetts,"149,724",6,"67,556","5,647,713",60,"3,408,246",66,8,"313,308"
Nov-20,United States,Michigan,"88,882",4,"173,167","7,995,779",56,"4,458,979",61,8,"396,682"
Nov-20,United States,Minnesota,"74,689",4,"170,291","4,456,287",65,"2,905,452",69,5,"151,951"
Nov-20,United States,Mississippi,"14,306",3,"36,049","2,286,424",52,"1,187,251",56,7,"85,575"
Nov-20,United States,Missouri,"35,194",2,"135,242","4,842,526",60,"2,918,134",63,5,"142,939"
Nov-20,United States,Montana,"12,876",3,"29,397","865,491",59,"510,758",62,5,"23,791"
Nov-20,United States,Nebraska,"7,407",1,"55,761","1,489,408",66,"989,563",69,3,"35,298"
Nov-20,United States,Nevada,"29,362",7,"51,406","2,498,025",55,"1,378,050",60,9,"131,052"
Nov-20,United States,New Hampshire,"8,982",3,"9,910","1,132,806",64,"730,088",67,4,"32,075"
Nov-20,United States,New Jersey,"59,717",4,"117,852","7,075,314",57,"4,041,997",64,10,"458,438"
Nov-20,United States,New Mexico,"29,378",6,"50,605","1,657,514",53,"878,206",58,9,"82,102"
Nov-20,United States,New York,"179,951",5,"146,148","22,189,884",54,"11,862,813",59,10,"1,267,385"
Nov-20,United States,North Carolina,"30,919",2,"94,592","8,397,996",56,"4,712,638",60,6,"323,110"
Nov-20,United States,North Dakota,"6,193",2,"34,612","585,792",66,"385,572",69,5,"18,959"
Nov-20,United States,Ohio,"104,922",3,"205,366","9,261,688",58,"5,413,227",62,6,"319,591"
Nov-20,United States,Oklahoma,"18,463",3,"85,987","3,061,177",58,"1,772,259",61,5,"89,572"
Nov-20,United States,Oregon,"35,514",4,"30,510","3,452,417",58,"1,992,470",62,7,"140,504"
Nov-20,United States,Pennsylvania,"96,668",5,"154,983","10,277,120",57,"5,865,408",61,7,"445,586"
Nov-20,United States,Rhode Island,"12,748",3,"23,455","864,222",57,"496,202",62,8,"42,608"
Nov-20,United States,South Carolina,"12,675",2,"42,876","4,153,709",53,"2,217,588",57,6,"131,355"
Nov-20,United States,South Dakota,"2,263",1,"34,472","681,954",64,"439,012",67,4,"16,424"
Nov-20,United States,Tennessee,"27,775",2,"107,917","5,459,887",57,"3,130,511",61,6,"184,368"
Nov-20,United States,Texas,"136,257",4,"310,361","22,418,959",58,"12,989,789",62,7,"1,002,266"
Nov-20,United States,Utah,"11,142",1,"81,050","2,418,202",65,"1,574,574",68,4,"57,273"
Nov-20,United States,Vermont,"4,399",4,"2,013","518,950",59,"305,386",61,4,"11,596"
Nov-20,United States,Virginia,"41,837",2,"57,671","6,735,886",60,"4,023,075",63,6,"248,218"
Nov-20,United States,Washington,"98,589",5,"59,558","6,125,522",59,"3,586,497",63,7,"256,454"
Nov-20,United States,West Virginia,"7,536",3,"23,382","1,441,277",51,"739,079",55,7,"56,037"
Nov-20,United States,Wisconsin,"62,797",3,"173,860","4,661,965",63,"2,921,245",66,4,"132,913"
Nov-20,United States,Wyoming,"3,737",2,"20,007","455,610",61,"279,509",65,5,"15,554"
Dec-20,United States,Alabama,"28,273",1,"111,970","3,889,304",56,"2,157,736",58,5,"106,318"
Dec-20,United States,Alaska,"16,971",7,"13,978","545,002",61,"330,888",65,7,"23,147"
Dec-20,United States,Arizona,"27,884",3,"193,483","5,921,658",56,"3,326,907",60,7,"242,410"
Dec-20,United States,Arkansas,"16,337",2,"67,779","2,364,696",56,"1,312,142",58,5,"67,171"
Dec-20,United States,California,"710,505",6,"1,018,584","39,090,870",54,"21,221,033",60,10,"2,363,308"
Dec-20,United States,Colorado,"73,851",4,"100,744","4,638,089",64,"2,957,291",69,7,"219,269"
Dec-20,United States,Connecticut,"32,515",5,"68,413","2,881,139",59,"1,690,960",64,8,"152,007"
Dec-20,United States,Delaware,"10,327",3,"22,329","795,439",57,"453,637",61,6,"28,203"
Dec-20,United States,District of Columbia,"7,014",5,"7,431","584,381",64,"373,290",70,9,"36,038"
Dec-20,United States,Florida,"110,302",2,"328,608","17,741,498",54,"9,528,878",57,5,"515,114"
Dec-20,United States,Georgia,"102,338",4,"194,889","8,337,625",58,"4,829,189",61,5,"271,108"
Dec-20,United States,Hawaii,"16,338",5,"3,318","1,083,643",54,"588,168",61,10,"67,419"
Dec-20,United States,Idaho,"17,340",1,"39,379","1,423,536",61,"865,649",63,4,"34,596"
Dec-20,United States,Illinois,"501,515",6,"237,085","9,939,435",57,"5,659,671",62,8,"490,873"
Dec-20,United States,Indiana,"63,571",3,"172,712","5,284,652",60,"3,190,041",63,5,"153,888"
Dec-20,United States,Iowa,"31,050",3,"51,221","2,481,817",63,"1,559,562",65,4,"59,879"
Dec-20,United States,Kansas,"81,809",4,"64,987","2,237,175",65,"1,446,860",68,5,"71,556"
Dec-20,United States,Kentucky,"36,686",2,"89,248","3,512,248",53,"1,871,847",57,6,"110,912"
Dec-20,United States,Louisiana,"34,575",4,"82,861","3,578,682",54,"1,929,532",59,8,"165,493"
Dec-20,United States,Maine,"11,777",2,"12,225","1,120,437",57,"633,553",60,5,"33,360"
Dec-20,United States,Maryland,"48,810",3,"79,084","4,773,973",61,"2,900,385",65,7,"211,907"
Dec-20,United States,Massachusetts,"97,134",5,"149,046","5,647,094",61,"3,438,583",67,8,"314,487"
Dec-20,United States,Michigan,"81,885",4,"107,516","7,995,651",56,"4,454,983",61,8,"400,370"
Dec-20,United States,Minnesota,"71,764",5,"96,539","4,457,728",65,"2,904,806",68,5,"143,923"
Dec-20,United States,Mississippi,"20,009",3,"63,076","2,286,392",52,"1,192,792",56,7,"83,848"
Dec-20,United States,Missouri,"43,369",2,"111,450","4,844,027",60,"2,916,551",63,4,"135,112"
Dec-20,United States,Montana,"11,797",4,"19,357","866,314",59,"510,472",62,4,"22,462"
Dec-20,United States,Nebraska,"9,800",1,"39,891","1,489,954",66,"989,072",69,3,"34,528"
Dec-20,United States,Nevada,"32,817",6,"72,562","2,501,811",56,"1,391,773",61,8,"124,624"
Dec-20,United States,New Hampshire,"12,709",3,"23,034","1,133,299",65,"734,174",67,4,"29,220"
Dec-20,United States,New Jersey,"71,466",4,"160,001","7,074,559",57,"4,039,568",62,8,"337,731"
Dec-20,United States,New Mexico,"21,448",6,"45,769","1,658,429",53,"877,690",58,9,"82,423"
Dec-20,United States,New York,"213,360",4,"332,116","22,174,426",54,"11,887,891",59,10,"1,270,734"
Dec-20,United States,North Carolina,"37,690",2,"199,152","8,406,266",56,"4,731,164",60,6,"308,883"
Dec-20,United States,North Dakota,"5,572",2,"13,115","585,886",66,"385,254",69,5,"18,986"
Dec-20,United States,Ohio,"134,713",3,"279,317","9,262,241",59,"5,442,603",62,6,"320,707"
Dec-20,United States,Oklahoma,"21,711",3,"105,592","3,062,909",58,"1,777,990",61,5,"83,938"
Dec-20,United States,Oregon,"47,496",4,"38,478","3,454,895",58,"2,006,503",62,6,"134,749"
Dec-20,United States,Pennsylvania,"165,675",5,"278,875","10,276,507",57,"5,862,162",61,7,"447,888"
Dec-20,United States,Rhode Island,"23,219",4,"32,651","864,213",57,"495,859",62,8,"42,758"
Dec-20,United States,South Carolina,"16,117",2,"97,249","4,158,811",54,"2,223,480",57,6,"131,582"
Dec-20,United States,South Dakota,"3,255",1,"18,700","682,349",67,"456,129",69,3,"15,502"
Dec-20,United States,Tennessee,"31,827",1,"211,265","5,464,698",57,"3,127,609",61,6,"186,041"
Dec-20,United States,Texas,"152,593",3,"477,740","22,447,253",59,"13,162,510",63,7,"971,008"
Dec-20,United States,Utah,"12,128",1,"80,906","2,422,249",65,"1,573,578",67,3,"53,338"
Dec-20,United States,Vermont,"5,862",4,"2,932","518,976",59,"305,226",61,4,"10,924"
Dec-20,United States,Virginia,"57,693",2,"114,703","6,738,044",60,"4,018,875",63,6,"236,204"
Dec-20,United States,Washington,"84,416",5,"76,819","6,131,010",59,"3,590,957",63,6,"239,459"
Dec-20,United States,West Virginia,"11,081",3,"37,492","1,440,682",52,"742,916",55,7,"53,698"
Dec-20,United States,Wisconsin,"64,775",3,"108,708","4,663,376",63,"2,932,229",66,4,"121,607"
Dec-20,United States,Wyoming,"3,637",2,"11,104","455,877",61,"279,346",65,5,"15,284"
Jan-21,United States,Alabama,"61,329",1,"97,187","3,890,500",56,"2,160,236",58,4,"97,725"
Jan-21,United States,Alaska,"19,914",6,"6,991","544,894",61,"331,373",65,7,"23,585"
Jan-21,United States,Arizona,"60,489",3,"238,290","5,932,506",56,"3,331,367",60,7,"239,896"
Jan-21,United States,Arkansas,"24,253",2,"70,130","2,365,706",56,"1,312,405",58,5,"63,524"
Jan-21,United States,California,"628,333",5,"1,011,796","39,089,067",54,"21,252,614",60,10,"2,292,917"
Jan-21,United States,Colorado,"54,839",3,"59,309","4,642,794",64,"2,972,204",69,7,"211,191"
Jan-21,United States,Connecticut,"50,728",5,"64,315","2,880,415",59,"1,690,546",64,8,"149,181"
Jan-21,United States,Delaware,"14,516",3,"20,976","796,235",58,"457,875",61,6,"29,503"
Jan-21,United States,District of Columbia,"7,891",4,"7,889","584,492",64,"374,800",70,8,"34,354"
Jan-21,United States,Florida,"226,464",2,"374,382","17,757,100",54,"9,587,059",57,5,"481,626"
Jan-21,United States,Georgia,"159,640",4,"242,993","8,344,325",58,"4,853,777",61,5,"258,460"
Jan-21,United States,Hawaii,"21,251",5,"4,176","1,083,148",54,"588,116",61,10,"67,650"
Jan-21,United States,Idaho,"22,159",2,"21,606","1,426,574",61,"869,144",63,4,"31,143"
Jan-21,United States,Illinois,"371,292",6,"162,912","9,935,021",57,"5,673,481",62,8,"472,929"
Jan-21,United States,Indiana,"72,668",3,"115,569","5,286,270",61,"3,206,431",63,4,"141,379"
Jan-21,United States,Iowa,"32,630",3,"38,578","2,482,022",63,"1,567,143",66,4,"58,010"
Jan-21,United States,Kansas,"138,222",6,"52,252","2,237,486",65,"1,450,464",67,3,"51,784"
Jan-21,United States,Kentucky,"59,198",2,"95,182","3,512,884",54,"1,882,979",57,5,"106,401"
Jan-21,United States,Louisiana,"85,709",4,"85,351","3,578,075",54,"1,925,840",58,8,"158,490"
Jan-21,United States,Maine,"16,563",3,"15,341","1,120,850",57,"636,270",60,5,"35,047"
Jan-21,United States,Maryland,"135,468",3,"75,417","4,773,686",61,"2,907,520",65,6,"198,767"
Jan-21,United States,Massachusetts,"128,048",5,"148,847","5,646,187",61,"3,461,950",67,8,"294,770"
Jan-21,United States,Michigan,"113,987",5,"63,934","7,995,094",56,"4,465,785",59,6,"270,762"
Jan-21,United States,Minnesota,"72,077",5,"46,505","4,458,943",65,"2,889,849",68,5,"135,958"
Jan-21,United States,Mississippi,"34,990",3,"55,973","2,286,271",52,"1,197,779",56,6,"82,191"
Jan-21,United States,Missouri,"68,674",2,"76,800","4,845,259",60,"2,912,406",63,4,"130,549"
Jan-21,United States,Montana,"13,488",4,"12,394","867,082",59,"511,691",62,4,"21,219"
Jan-21,United States,Nebraska,"17,682",2,"24,421","1,490,395",67,"992,112",69,3,"32,710"
Jan-21,United States,Nevada,"48,372",6,"53,577","2,505,533",56,"1,405,483",61,9,"130,563"
Jan-21,United States,New Hampshire,"20,028",4,"21,667","1,133,752",65,"735,797",67,4,"27,135"
Jan-21,United States,New Jersey,"91,127",4,"169,045","7,073,517",57,"4,059,857",62,8,"343,736"
Jan-21,United States,New Mexico,"31,132",6,"31,200","1,659,311",53,"875,603",58,9,"83,276"
Jan-21,United States,New York,"335,863",5,"438,505","22,158,552",54,"11,845,960",59,10,"1,303,787"
Jan-21,United States,North Carolina,"70,040",2,"208,314","8,414,124",56,"4,741,787",60,6,"297,719"
Jan-21,United States,North Dakota,"7,859",2,"4,913","585,942",66,"386,267",69,5,"18,244"
Jan-21,United States,Ohio,"207,884",4,"195,412","9,262,261",59,"5,462,512",62,5,"306,082"
Jan-21,United States,Oklahoma,"34,141",3,"83,375","3,064,511",58,"1,783,422",61,4,"81,269"
Jan-21,United States,Oregon,"54,420",5,"28,507","3,457,167",58,"2,017,032",62,6,"133,451"
Jan-21,United States,Pennsylvania,"169,996",7,"202,380","10,275,393",57,"5,837,381",61,7,"457,170"
Jan-21,United States,Rhode Island,"52,282",5,"26,068","864,204",58,"501,193",63,7,"39,043"
Jan-21,United States,South Carolina,"32,411",2,"147,068","4,163,639",54,"2,235,303",57,5,"125,444"
Jan-21,United States,South Dakota,"3,529",1,"9,086","682,691",67,"456,033",69,3,"14,443"
Jan-21,United States,Tennessee,"83,002",2,"143,113","5,469,230",58,"3,146,950",61,5,"170,240"
Jan-21,United States,Texas,"272,686",3,"604,460","22,474,687",58,"13,104,983",63,7,"958,561"
Jan-21,United States,Utah,"16,093",1,"70,012","2,426,150",65,"1,580,527",67,3,"50,194"
Jan-21,United States,Vermont,"8,218",4,"4,109","518,952",59,"304,521",61,3,"10,109"
Jan-21,United States,Virginia,"105,319",2,"152,873","6,739,873",60,"4,026,838",63,5,"227,214"
Jan-21,United States,Washington,"113,623",5,"66,279","6,136,163",59,"3,606,638",63,6,"228,591"
Jan-21,United States,West Virginia,"15,316",3,"35,667","1,440,030",52,"744,865",55,7,"51,604"
Jan-21,United States,Wisconsin,"89,893",4,"71,702","4,664,495",63,"2,939,823",66,4,"116,894"
Jan-21,United States,Wyoming,"5,367",2,"7,503","456,106",61,"280,002",65,5,"15,130"
Feb-21,United States,Alabama,"48,570",1,"33,900","3,891,139",56,"2,157,723",58,4,"91,041"
Feb-21,United States,Alaska,"15,240",6,"3,569","544,693",60,"327,753",65,7,"23,305"
Feb-21,United States,Arizona,"19,772",2,"58,558","5,942,577",56,"3,333,226",60,7,"247,405"
Feb-21,United States,Arkansas,"15,431",2,"27,147","2,366,377",55,"1,302,084",58,5,"61,606"
Feb-21,United States,California,"456,985",5,"232,214","39,083,260",56,"21,862,258",62,9,"2,197,286"
Feb-21,United States,Colorado,"22,602",2,"31,561","4,647,075",64,"2,978,091",69,6,"204,661"
Feb-21,United States,Connecticut,"25,942",5,"29,923","2,879,316",54,"1,566,977",60,9,"145,588"
Feb-21,United States,Delaware,"7,947",3,"8,888","796,901",57,"457,785",61,6,"30,966"
Feb-21,United States,District of Columbia,"4,746",4,"3,726","584,457",64,"375,159",70,8,"33,230"
Feb-21,United States,Florida,"80,924",2,"179,441","17,769,891",54,"9,650,056",57,5,"474,337"
Feb-21,United States,Georgia,"112,752",3,"97,076","8,350,072",59,"4,899,254",62,5,"246,082"
Feb-21,United States,Hawaii,"13,014",4,"1,687","1,082,480",55,"595,260",61,9,"60,578"
Feb-21,United States,Idaho,"28,801",2,"8,457","1,429,397",61,"870,059",63,3,"29,856"
Feb-21,United States,Illinois,"233,122",5,"60,395","9,929,473",57,"5,684,129",62,7,"454,527"
Feb-21,United States,Indiana,"45,611",3,"35,331","5,287,355",61,"3,208,912",63,4,"133,929"
Feb-21,United States,Iowa,"21,516",3,"17,082","2,481,881",63,"1,570,232",66,4,"60,695"
Feb-21,United States,Kansas,"20,898",2,"18,978","2,237,550",65,"1,451,324",67,4,"57,137"
Feb-21,United States,Kentucky,"50,736",2,"40,218","3,513,075",54,"1,889,712",57,5,"103,384"
Feb-21,United States,Louisiana,"28,896",3,"29,474","3,576,989",54,"1,918,466",58,8,"157,179"
Feb-21,United States,Maine,"8,092",3,"5,221","1,121,094",57,"639,651",60,5,"32,398"
Feb-21,United States,Maryland,"46,004",3,"27,066","4,772,844",61,"2,909,565",65,6,"193,520"
Feb-21,United States,Massachusetts,"69,384",5,"57,123","5,644,665",62,"3,477,886",66,7,"262,926"
Feb-21,United States,Michigan,"64,072",4,"34,918","7,993,560",56,"4,451,838",59,5,"243,259"
Feb-21,United States,Minnesota,"43,973",4,"22,787","4,459,692",65,"2,897,623",68,4,"133,550"
Feb-21,United States,Mississippi,"41,480",3,"18,619","2,285,852",53,"1,200,432",56,6,"80,991"
Feb-21,United States,Missouri,"54,209",2,"24,690","4,845,885",60,"2,921,557",63,4,"132,538"
Feb-21,United States,Montana,"7,318",4,"6,005","867,716",59,"510,513",61,4,"20,749"
Feb-21,United States,Nebraska,"8,452",2,"9,801","1,490,687",66,"988,967",69,3,"31,948"
Feb-21,United States,Nevada,"34,048",6,"15,446","2,508,958",57,"1,416,662",62,8,"130,594"
Feb-21,United States,New Hampshire,"11,312",4,"9,729","1,134,093",65,"736,509",67,3,"24,757"
Feb-21,United States,New Jersey,"48,933",4,"92,527","7,071,661",57,"4,058,931",62,8,"341,786"
Feb-21,United States,New Mexico,"13,409",5,"11,068","1,659,946",53,"879,428",58,8,"79,688"
Feb-21,United States,New York,"224,858",5,"221,348","22,140,186",54,"11,839,676",60,10,"1,325,119"
Feb-21,United States,North Carolina,"38,489",2,"82,769","8,421,014",56,"4,746,215",60,6,"286,655"
Feb-21,United States,North Dakota,"3,633",2,"2,169","585,924",66,"385,567",69,5,"19,314"
Feb-21,United States,Ohio,"509,907",3,"71,630","9,261,248",59,"5,467,073",62,5,"287,758"
Feb-21,United States,Oklahoma,"27,149",2,"24,269","3,065,768",58,"1,784,222",61,4,"81,293"
Feb-21,United States,Oregon,"32,142",4,"13,181","3,459,073",58,"2,021,314",62,6,"130,917"
Feb-21,United States,Pennsylvania,"109,304",6,"86,864","10,273,015",57,"5,867,054",62,7,"469,060"
Feb-21,United States,Rhode Island,"43,366",6,"10,582","864,073",58,"499,579",62,7,"39,163"
Feb-21,United States,South Carolina,"18,054",2,"59,113","4,167,943",54,"2,253,252",57,5,"123,928"
Feb-21,United States,South Dakota,"2,191",1,"4,177","682,979",67,"458,060",69,3,"14,149"
Feb-21,United States,Tennessee,"42,718",2,"48,631","5,473,138",58,"3,146,088",60,5,"162,310"
Feb-21,United States,Texas,"175,507",3,"283,392","22,500,029",58,"13,034,891",62,7,"970,315"
Feb-21,United States,Utah,"10,787",1,"24,611","2,429,915",65,"1,581,744",67,3,"48,899"
Feb-21,United States,Vermont,"3,935",4,"2,969","518,856",59,"303,663",60,3,"9,517"
Feb-21,United States,Virginia,"53,203",2,"69,534","6,740,927",60,"4,016,894",63,5,"219,727"
Feb-21,United States,Washington,"58,545",4,"27,424","6,140,754",59,"3,621,472",63,6,"215,552"
Feb-21,United States,West Virginia,"15,812",3,"10,854","1,439,233",52,"746,406",55,6,"49,663"
Feb-21,United States,Wisconsin,"60,850",4,"25,227","4,665,137",63,"2,942,857",66,4,"116,563"
Feb-21,United States,Wyoming,"3,845",2,"2,482","456,315",61,"279,794",65,5,"15,591"
Mar-21,United States,Alabama,"62,802",1,"22,512","3,892,132",55,"2,151,242",57,4,"84,716"
Mar-21,United States,Alaska,"12,676",5,"4,207","544,548",60,"325,441",64,7,"23,355"
Mar-21,United States,Arizona,"19,659",2,"25,029","5,952,938",56,"3,346,947",60,7,"240,210"
Mar-21,United States,Arkansas,"12,258",2,"7,983","2,367,295",55,"1,299,913",58,4,"60,184"
Mar-21,United States,California,"418,498",4,"92,864","39,078,368",56,"21,867,254",62,9,"2,159,863"
Mar-21,United States,Colorado,"20,556",2,"32,085","4,651,709",64,"2,983,166",69,6,"205,220"
Mar-21,United States,Connecticut,"19,448",5,"30,942","2,878,425",55,"1,586,536",60,8,"143,026"
Mar-21,United States,Delaware,"6,662",3,"7,193","797,621",57,"457,731",61,7,"31,623"
Mar-21,United States,District of Columbia,"6,842",3,"3,915","584,522",64,"375,385",70,8,"31,516"
Mar-21,United States,Florida,"72,686",2,"151,481","17,783,671",55,"9,695,580",57,5,"474,423"
Mar-21,United States,Georgia,"113,745",3,"53,027","8,356,449",59,"4,929,045",62,5,"232,026"
Mar-21,United States,Hawaii,"14,019",3,"2,306","1,081,814",55,"590,882",60,9,"59,081"
Mar-21,United States,Idaho,"17,911",2,"9,396","1,432,388",61,"870,565",63,3,"28,790"
Mar-21,United States,Illinois,"158,442",4,"57,889","9,924,647",57,"5,693,248",62,7,"436,076"
Mar-21,United States,Indiana,"45,507",2,"25,339","5,288,901",61,"3,206,627",63,4,"130,146"
Mar-21,United States,Iowa,"20,663",3,"14,670","2,482,030",64,"1,577,148",66,4,"60,818"
Mar-21,United States,Kansas,"9,426",1,"8,709","2,237,761",65,"1,453,986",68,4,"56,316"
Mar-21,United States,Kentucky,"53,131",2,"19,255","3,513,671",54,"1,891,121",57,5,"99,621"
Mar-21,United States,Louisiana,"33,608",2,"14,833","3,576,188",54,"1,921,772",58,7,"152,530"
Mar-21,United States,Maine,"5,931",3,"6,025","1,121,440",57,"640,536",60,5,"32,591"
Mar-21,United States,Maryland,"37,321",2,"30,226","4,772,254",61,"2,916,726",65,6,"193,346"
Mar-21,United States,Massachusetts,"86,331",4,"54,432","5,643,634",62,"3,492,255",66,7,"252,157"
Mar-21,United States,Michigan,"47,586",4,"110,358","7,992,752",56,"4,464,444",59,5,"238,881"
Mar-21,United States,Minnesota,"36,084",4,"34,044","4,460,873",65,"2,896,447",68,4,"126,006"
Mar-21,United States,Mississippi,"22,089",3,"9,712","2,285,593",53,"1,200,854",56,6,"79,988"
Mar-21,United States,Missouri,"31,025",2,"17,032","4,847,023",61,"2,934,139",63,4,"128,061"
Mar-21,United States,Montana,"7,824",3,"4,598","868,461",59,"511,538",61,4,"19,965"
Mar-21,United States,Nebraska,"6,606",1,"9,560","1,491,090",66,"989,941",68,3,"29,945"
Mar-21,United States,Nevada,"39,952",5,"10,008","2,512,490",57,"1,426,495",62,8,"125,900"
Mar-21,United States,New Hampshire,"8,133",4,"8,752","1,134,526",65,"736,461",67,3,"22,866"
Mar-21,United States,New Jersey,"47,298",3,"119,460","7,070,188",58,"4,083,566",63,8,"336,146"
Mar-21,United States,New Mexico,"10,397",4,"6,520","1,660,619",53,"877,636",58,8,"78,992"
Mar-21,United States,New York,"171,280",5,"227,820","22,123,005",56,"12,355,216",62,9,"1,283,723"
Mar-21,United States,North Carolina,"30,564",1,"51,667","8,428,566",56,"4,757,477",60,5,"258,974"
Mar-21,United States,North Dakota,"2,738",2,"3,447","586,001",66,"386,234",69,4,"17,646"
Mar-21,United States,Ohio,"367,312",4,"50,144","9,261,114",59,"5,479,338",62,5,"271,280"
Mar-21,United States,Oklahoma,"29,965",3,"9,213","3,067,258",58,"1,786,096",61,4,"79,467"
Mar-21,United States,Oregon,"31,656",3,"9,415","3,461,246",59,"2,026,742",62,6,"129,914"
Mar-21,United States,Pennsylvania,"82,094",6,"93,719","10,271,554",57,"5,874,307",62,7,"461,514"
Mar-21,United States,Rhode Island,"17,442",4,"11,182","864,000",58,"503,350",63,7,"38,163"
Mar-21,United States,South Carolina,"14,592",2,"30,396","4,172,613",54,"2,267,442",57,5,"120,655"
Mar-21,United States,South Dakota,"1,247",1,"5,332","683,317",67,"455,567",69,3,"13,471"
Mar-21,United States,Tennessee,"30,857",1,"36,686","5,477,548",58,"3,147,880",61,5,"168,455"
Mar-21,United States,Texas,"291,994",3,"139,281","22,526,074",58,"13,064,883",62,7,"967,379"
Mar-21,United States,Utah,"10,542",1,"14,406","2,433,891",65,"1,585,508",67,3,"46,513"
Mar-21,United States,Vermont,"4,129",4,"3,924","518,818",59,"303,902",60,3,"9,160"
Mar-21,United States,Virginia,"75,065",2,"43,628","6,742,545",60,"4,023,601",63,5,"214,435"
Mar-21,United States,Washington,"48,110",4,"24,184","6,145,770",59,"3,639,937",63,6,"210,801"
Mar-21,United States,West Virginia,"22,605",3,"9,883","1,438,564",52,"748,390",55,6,"47,282"
Mar-21,United States,Wisconsin,"49,519",3,"18,674","4,666,237",63,"2,948,948",66,4,"117,330"
Mar-21,United States,Wyoming,"3,322",2,"1,916","456,556",61,"279,888",65,5,"15,725"
Apr-21,United States,Alabama,"35,100",1,"12,849","3,893,328",55,"2,152,641",57,4,"79,319"
Apr-21,United States,Alaska,"15,562",5,"4,871","544,437",60,"327,465",64,7,"23,356"
Apr-21,United States,Arizona,"25,360",2,"20,061","5,963,670",56,"3,358,790",60,7,"239,986"
Apr-21,United States,Arkansas,"11,811",2,"5,327","2,368,326",55,"1,302,658",58,4,"59,840"
Apr-21,United States,California,"302,312",4,"69,706","39,076,135",56,"21,913,428",61,9,"2,085,607"
Apr-21,United States,Colorado,"21,642",2,"48,533","4,656,603",64,"2,992,833",69,6,"203,982"
Apr-21,United States,Connecticut,"24,789",5,"28,345","2,877,704",56,"1,601,219",61,8,"140,423"
Apr-21,United States,Delaware,"14,213",2,"9,353","798,394",57,"458,308",61,6,"31,102"
Apr-21,United States,District of Columbia,"12,512",4,"3,184","584,627",64,"375,667",70,8,"30,556"
Apr-21,United States,Florida,"86,282",2,"170,873","17,798,556",55,"9,753,831",58,5,"487,752"
Apr-21,United States,Georgia,"133,150",3,"40,639","8,363,279",59,"4,951,076",62,4,"221,903"
Apr-21,United States,Hawaii,"15,329",3,"2,915","1,081,237",55,"594,415",60,9,"55,180"
Apr-21,United States,Idaho,"19,329",1,"7,120","1,435,471",61,"872,165",63,3,"28,216"
Apr-21,United States,Illinois,"67,557",4,"90,470","9,920,345",58,"5,708,054",62,7,"438,442"
Apr-21,United States,Indiana,"46,146",2,"32,488","5,290,723",61,"3,205,827",63,4,"131,301"
Apr-21,United States,Iowa,"22,066",2,"13,843","2,482,253",64,"1,579,035",66,4,"62,161"
Apr-21,United States,Kansas,"7,731",1,"6,758","2,238,102",65,"1,455,771",67,4,"52,753"
Apr-21,United States,Kentucky,"40,817",1,"16,341","3,514,382",54,"1,896,069",57,5,"94,027"
Apr-21,United States,Louisiana,"38,015",3,"13,648","3,575,588",54,"1,919,523",58,7,"149,336"
Apr-21,United States,Maine,"7,556",3,"10,742","1,121,831",57,"641,380",60,5,"32,510"
Apr-21,United States,Maryland,"32,984",2,"35,412","4,771,979",61,"2,923,616",65,6,"194,544"
Apr-21,United States,Massachusetts,"64,753",3,"53,393","5,642,830",62,"3,504,836",66,6,"240,836"
Apr-21,United States,Michigan,"84,751",3,"157,899","7,992,326",56,"4,469,739",59,5,"231,547"
Apr-21,United States,Minnesota,"25,961",3,"56,283","4,462,215",65,"2,899,714",68,4,"123,158"
Apr-21,United States,Mississippi,"18,155",3,"6,746","2,285,471",53,"1,201,477",56,6,"79,526"
Apr-21,United States,Missouri,"44,764",2,"17,582","4,848,368",61,"2,944,211",63,4,"126,946"
Apr-21,United States,Montana,"8,140",3,"4,193","869,237",59,"513,368",61,4,"19,672"
Apr-21,United States,Nebraska,"6,805",1,"9,251","1,491,592",66,"990,349",68,3,"28,237"
Apr-21,United States,Nevada,"43,597",6,"11,676","2,516,212",57,"1,434,839",62,8,"125,086"
Apr-21,United States,New Hampshire,"6,076",3,"10,710","1,135,005",65,"735,885",67,3,"21,375"
Apr-21,United States,New Jersey,"54,079",3,"97,412","7,069,143",58,"4,089,165",63,8,"332,102"
Apr-21,United States,New Mexico,"19,161",4,"6,081","1,661,444",53,"877,043",57,8,"77,403"
Apr-21,United States,New York,"183,673",4,"170,510","22,107,046",56,"12,375,852",62,9,"1,242,448"
Apr-21,United States,North Carolina,"34,595",1,"53,852","8,436,538",56,"4,761,901",59,5,"251,214"
Apr-21,United States,North Dakota,"5,857",2,"4,340","586,108",66,"386,701",69,4,"16,849"
Apr-21,United States,Ohio,"112,391",3,"54,746","9,261,370",59,"5,494,069",62,5,"272,892"
Apr-21,United States,Oklahoma,"65,974",3,"6,789","3,068,933",58,"1,787,282",61,4,"77,101"
Apr-21,United States,Oregon,"36,580",3,"19,800","3,463,632",59,"2,032,705",62,6,"128,212"
Apr-21,United States,Pennsylvania,"92,457",4,"125,866","10,270,559",57,"5,871,458",62,7,"449,884"
Apr-21,United States,Rhode Island,"23,997",4,"10,612","863,990",59,"505,785",63,6,"33,849"
Apr-21,United States,South Carolina,"18,267",2,"25,195","4,177,471",54,"2,262,966",57,5,"118,395"
Apr-21,United States,South Dakota,"1,327",1,"4,901","683,660",67,"456,336",69,3,"13,087"
Apr-21,United States,Tennessee,"46,565",1,"36,341","5,482,241",58,"3,158,320",61,5,"167,022"
Apr-21,United States,Texas,"230,899",2,"99,922","22,553,742",58,"13,087,754",62,7,"947,218"
Apr-21,United States,Utah,"23,422",1,"11,682","2,437,966",65,"1,591,259",67,3,"45,209"
Apr-21,United States,Vermont,"11,784",4,"3,504","518,814",59,"303,839",60,3,"8,951"
Apr-21,United States,Virginia,"84,667",2,"39,751","6,744,497",60,"4,028,482",63,5,"197,328"
Apr-21,United States,Washington,"55,306",3,"38,608","6,151,101",59,"3,651,768",63,5,"209,404"
Apr-21,United States,West Virginia,"24,158",3,"11,390","1,437,940",52,"750,072",55,6,"45,891"
Apr-21,United States,Wisconsin,"61,143",3,"24,409","4,667,473",63,"2,955,982",66,4,"119,701"
Apr-21,United States,Wyoming,"5,333",2,"1,832","456,813",61,"280,183",65,5,"15,967"
May-21,United States,Alabama,"46,488",1,"15,769","3,894,723",55,"2,150,324",57,3,"75,398"
May-21,United States,Alaska,"14,739",4,"2,072","544,323",60,"327,456",64,7,"23,216"
May-21,United States,Arizona,"27,797",2,"18,953","5,974,583",56,"3,369,337",61,7,"243,236"
May-21,United States,Arkansas,"12,734",2,"5,656","2,369,489",55,"1,298,809",57,4,"59,363"
May-21,United States,California,"354,027",4,"46,900","39,073,610",56,"21,976,354",61,8,"1,992,405"
May-21,United States,Colorado,"20,360",2,"30,505","4,661,636",64,"3,000,065",69,6,"199,196"
May-21,United States,Connecticut,"23,633",5,"8,273","2,877,083",56,"1,616,356",61,8,"142,782"
May-21,United States,Delaware,"26,106",3,"3,619","799,205",57,"458,390",61,6,"28,648"
May-21,United States,District of Columbia,"7,272",4,"1,234","584,710",64,"376,136",69,7,"29,230"
May-21,United States,Florida,"70,020",2,"87,130","17,814,075",55,"9,811,921",58,5,"503,388"
May-21,United States,Georgia,"132,878",3,"23,654","8,370,244",59,"4,948,882",62,4,"213,038"
May-21,United States,Hawaii,"12,680",3,"2,341","1,080,667",55,"595,401",60,8,"52,077"
May-21,United States,Idaho,"11,289",1,"4,422","1,438,611",61,"874,153",63,3,"27,324"
May-21,United States,Illinois,"93,753",4,"47,131","9,916,364",58,"5,721,308",62,7,"437,351"
May-21,United States,Indiana,"35,416",2,"23,723","5,292,745",61,"3,208,953",63,4,"135,178"
May-21,United States,Iowa,"17,258",2,"6,582","2,482,658",64,"1,584,024",66,4,"64,002"
May-21,United States,Kansas,"10,026",1,"5,182","2,238,596",65,"1,456,990",67,4,"52,731"
May-21,United States,Kentucky,"36,544",1,"11,881","3,515,293",54,"1,898,982",57,5,"89,128"
May-21,United States,Louisiana,"31,788",3,"12,836","3,575,089",54,"1,923,359",58,7,"146,697"
May-21,United States,Maine,"6,293",2,"6,289","1,122,321",57,"642,762",60,5,"32,422"
May-21,United States,Maryland,"32,466",2,"11,604","4,771,765",61,"2,931,962",66,6,"191,496"
May-21,United States,Massachusetts,"49,269",3,"18,064","5,642,325",62,"3,518,551",66,5,"183,527"
May-21,United States,Michigan,"86,594",3,"39,926","7,992,231",56,"4,476,033",59,5,"235,021"
May-21,United States,Minnesota,"24,587",3,"25,638","4,463,834",65,"2,908,259",68,4,"121,122"
May-21,United States,Mississippi,"16,632",3,"5,132","2,285,426",53,"1,201,893",56,6,"78,744"
May-21,United States,Missouri,"36,968",2,"14,044","4,849,949",61,"2,946,656",63,4,"129,037"
May-21,United States,Montana,"6,519",2,"3,012","870,047",59,"515,484",62,4,"19,419"
May-21,United States,Nebraska,"7,374",1,"3,255","1,492,188",67,"992,164",68,3,"26,823"
May-21,United States,Nevada,"28,321",6,"8,694","2,519,920",57,"1,442,016",62,8,"122,615"
May-21,United States,New Hampshire,"3,849",3,"3,860","1,135,547",65,"735,163",67,3,"21,769"
May-21,United States,New Jersey,"71,797",3,"19,109","7,068,248",58,"4,095,321",62,7,"318,763"
May-21,United States,New Mexico,"19,800",3,"5,415","1,662,309",53,"877,309",57,8,"75,768"
May-21,United States,New York,"114,868",4,"51,922","22,091,079",56,"12,312,787",61,9,"1,179,885"
May-21,United States,North Carolina,"33,890",1,"29,807","8,444,763",56,"4,757,329",59,5,"240,058"
May-21,United States,North Dakota,"3,077",1,"2,323","586,202",66,"387,402",69,4,"15,980"
May-21,United States,Ohio,"84,084",2,"29,932","9,262,084",57,"5,272,474",60,5,"278,272"
May-21,United States,Oklahoma,"50,178",2,"4,072","3,070,722",58,"1,791,479",61,4,"73,043"
May-21,United States,Oregon,"44,828",3,"16,663","3,466,143",59,"2,040,206",63,6,"126,651"
May-21,United States,Pennsylvania,"124,552",4,"50,716","10,270,106",57,"5,881,498",62,7,"442,873"
May-21,United States,Rhode Island,"42,165",5,"3,530","863,990",59,"507,091",63,6,"32,630"
May-21,United States,South Carolina,"12,680",2,"13,523","4,182,459",55,"2,277,505",57,5,"110,437"
May-21,United States,South Dakota,"1,473",1,"1,531","684,083",67,"457,161",69,3,"12,978"
May-21,United States,Tennessee,"37,707",2,"18,133","5,487,130",58,"3,167,336",61,5,"165,114"
May-21,United States,Texas,"136,103",2,"60,617","22,581,633",58,"13,133,342",62,7,"922,669"
May-21,United States,Utah,"16,515",1,"8,847","2,442,134",65,"1,597,178",67,3,"44,461"
May-21,United States,Vermont,"7,997",4,"1,185","518,833",59,"305,127",61,3,"9,512"
May-21,United States,Virginia,"52,076",2,"15,044","6,746,643",60,"4,040,770",63,5,"189,247"
May-21,United States,Washington,"69,796",2,"33,767","6,156,688",60,"3,670,293",63,5,"203,173"
May-21,United States,West Virginia,"23,809",3,"8,585","1,437,439",52,"750,924",55,6,"43,738"
May-21,United States,Wisconsin,"48,496",3,"13,970","4,669,020",64,"2,965,181",66,4,"120,074"
May-21,United States,Wyoming,"3,292",1,"2,164","457,104",61,"280,290",65,5,"16,086"
Jun-21,United States,Alabama,"24,731",1,"5,598","3,896,335",55,"2,138,949",57,3,"73,769"
Jun-21,United States,Alaska,"7,157",4,898,"544,289",60,"327,330",64,7,"23,130"
Jun-21,United States,Arizona,"15,159",2,"13,425","5,986,015",56,"3,378,044",61,7,"244,786"
Jun-21,United States,Arkansas,"8,162",2,"8,004","2,370,777",55,"1,298,261",57,4,"59,911"
Jun-21,United States,California,"241,058",4,"25,422","39,073,624",56,"22,005,247",61,8,"1,980,089"
Jun-21,United States,Colorado,"14,909",2,"11,133","4,667,029",64,"2,999,152",69,6,"197,258"
Jun-21,United States,Connecticut,"19,326",4,"1,846","2,876,692",58,"1,674,377",63,8,"139,029"
Jun-21,United States,Delaware,"18,090",3,868,"800,073",58,"460,443",61,6,"28,382"
Jun-21,United States,District of Columbia,"7,886",3,382,"584,845",65,"377,272",69,7,"28,465"
Jun-21,United States,Florida,"31,032",1,"52,526","17,831,089",55,"9,872,463",58,5,"523,518"
Jun-21,United States,Georgia,"86,211",3,"10,732","8,377,935",59,"4,955,787",62,4,"208,381"
Jun-21,United States,Hawaii,"8,124",3,"1,356","1,080,189",55,"596,481",60,8,"49,666"
Jun-21,United States,Idaho,"5,176",1,"2,920","1,441,853",61,"875,110",63,3,"27,146"
Jun-21,United States,Illinois,"101,087",4,"9,553","9,913,179",58,"5,737,125",62,7,"443,530"
Jun-21,United States,Indiana,"21,101",2,"9,779","5,295,210",61,"3,209,313",63,4,"138,487"
Jun-21,United States,Iowa,"8,671",2,"2,437","2,483,247",64,"1,587,921",67,4,"66,639"
Jun-21,United States,Kansas,"5,881",1,"3,794","2,239,242",65,"1,456,073",68,4,"56,018"
Jun-21,United States,Kentucky,"43,306",1,"5,534","3,516,470",54,"1,892,143",56,4,"87,903"
Jun-21,United States,Louisiana,"19,218",3,"9,586","3,574,916",54,"1,925,365",58,7,"143,333"
Jun-21,United States,Maine,"5,323",2,"1,235","1,122,875",57,"642,292",60,5,"32,471"
Jun-21,United States,Maryland,"37,822",2,"2,410","4,771,967",62,"2,934,721",66,6,"193,674"
Jun-21,United States,Massachusetts,"35,156",2,"2,929","5,642,222",62,"3,516,227",66,5,"180,511"
Jun-21,United States,Michigan,"35,207",3,"6,259","7,992,764",56,"4,484,435",59,5,"234,721"
Jun-21,United States,Minnesota,"18,164",2,"3,915","4,465,790",65,"2,909,233",68,4,"121,576"
Jun-21,United States,Mississippi,"8,650",3,"4,189","2,285,540",53,"1,200,202",56,6,"79,463"
Jun-21,United States,Missouri,"19,117",2,"20,308","4,851,927",61,"2,942,397",63,4,"133,324"
Jun-21,United States,Montana,"4,654",2,"1,926","870,983",60,"517,846",62,4,"19,667"
Jun-21,United States,Nebraska,"5,071",1,"1,170","1,492,893",67,"995,209",68,3,"25,885"
Jun-21,United States,Nevada,"14,334",4,"9,580","2,523,865",57,"1,447,039",62,8,"122,122"
Jun-21,United States,New Hampshire,"3,520",2,758,"1,136,173",64,"731,109",66,3,"21,592"
Jun-21,United States,New Jersey,"40,157",3,"7,063","7,067,927",58,"4,097,493",63,7,"320,043"
Jun-21,United States,New Mexico,"14,383",3,"2,394","1,663,309",53,"876,867",57,8,"74,795"
Jun-21,United States,New York,"76,555",4,"12,612","22,076,364",56,"12,319,609",61,9,"1,156,719"
Jun-21,United States,North Carolina,"18,957",1,"12,213","8,453,645",56,"4,769,039",59,5,"231,894"
Jun-21,United States,North Dakota,"1,738",1,756,"586,351",66,"386,902",69,4,"16,207"
Jun-21,United States,Ohio,"55,764",2,"9,080","9,263,493",57,"5,287,774",60,5,"291,176"
Jun-21,United States,Oklahoma,"37,940",2,"4,938","3,072,751",58,"1,794,302",61,4,"69,649"
Jun-21,United States,Oregon,"23,073",3,"7,162","3,468,962",59,"2,047,149",63,6,"121,361"
Jun-21,United States,Pennsylvania,"108,217",3,"9,420","10,270,436",57,"5,886,605",62,7,"433,373"
Jun-21,United States,Rhode Island,"33,843",5,681,"864,096",58,"504,996",62,6,"31,885"
Jun-21,United States,South Carolina,"6,978",2,"5,227","4,187,818",55,"2,289,292",57,5,"107,067"
Jun-21,United States,South Dakota,963,0,345,"684,555",67,"456,928",69,3,"13,469"
Jun-21,United States,Tennessee,"24,628",2,"6,501","5,492,427",58,"3,169,492",61,5,"164,663"
Jun-21,United States,Texas,"83,523",2,"44,613","22,611,404",58,"13,159,779",62,7,"908,950"
Jun-21,United States,Utah,"9,652",1,"8,969","2,446,519",66,"1,605,711",67,3,"44,221"
Jun-21,United States,Vermont,"1,675",2,167,"518,889",59,"305,013",61,3,"9,649"
Jun-21,United States,Virginia,"30,160",1,"4,967","6,749,314",60,"4,050,060",63,4,"183,808"
Jun-21,United States,Washington,"31,797",2,"14,920","6,162,701",60,"3,685,476",63,5,"201,633"
Jun-21,United States,West Virginia,"6,085",2,"2,328","1,437,047",52,"751,472",55,5,"42,026"
Jun-21,United States,Wisconsin,"33,449",2,"3,202","4,670,907",64,"2,973,220",66,4,"121,470"
Jun-21,United States,Wyoming,"1,784",1,"1,984","457,382",61,"280,217",65,5,"16,125"
Jul-21,United States,Alabama,"26,164",1,"35,500","3,898,028",55,"2,139,008",57,3,"71,678"
Jul-21,United States,Alaska,"7,909",3,"4,140","544,232",60,"325,830",64,7,"23,114"
Jul-21,United States,Arizona,"17,665",1,"32,360","5,997,462",57,"3,393,576",61,7,"238,243"
Jul-21,United States,Arkansas,"8,996",2,"37,067","2,372,140",55,"1,296,767",57,4,"58,971"
Jul-21,United States,California,"298,953",4,"138,616","39,073,743",57,"22,071,723",62,8,"1,963,475"
Jul-21,United States,Colorado,"21,150",1,"16,893","4,672,508",64,"2,999,508",68,6,"195,976"
Jul-21,United States,Connecticut,"19,803",3,"5,397","2,876,348",58,"1,677,113",63,7,"132,133"
Jul-21,United States,Delaware,"4,729",2,"1,663","800,926",58,"461,914",61,6,"27,180"
Jul-21,United States,District of Columbia,"11,505",3,"1,147","584,980",65,"379,802",70,7,"27,398"
Jul-21,United States,Florida,"41,994",1,"291,260","17,848,235",56,"9,948,553",59,5,"529,945"
Jul-21,United States,Georgia,"72,232",3,"48,705","8,385,683",59,"4,977,010",62,4,"193,457"
Jul-21,United States,Hawaii,"12,606",3,"4,252","1,079,703",56,"598,769",60,7,"47,177"
Jul-21,United States,Idaho,"6,091",1,"5,775","1,445,130",61,"876,203",63,3,"26,696"
Jul-21,United States,Illinois,"107,265",4,"29,741","9,910,071",58,"5,768,714",63,7,"437,840"
Jul-21,United States,Indiana,"34,227",2,"18,304","5,297,716",61,"3,208,084",63,4,"138,073"
Jul-21,United States,Iowa,"9,082",1,"6,373","2,483,870",64,"1,593,785",67,4,"67,616"
Jul-21,United States,Kansas,"7,764",1,"15,394","2,239,926",65,"1,456,754",68,4,"57,737"
Jul-21,United States,Kentucky,"28,471",1,"20,408","3,517,711",54,"1,894,190",56,4,"86,594"
Jul-21,United States,Louisiana,"20,622",3,"63,914","3,574,759",54,"1,933,225",58,7,"136,220"
Jul-21,United States,Maine,"5,350",2,"1,409","1,123,446",57,"645,057",60,5,"33,172"
Jul-21,United States,Maryland,"28,251",2,"6,467","4,772,209",62,"2,948,226",66,6,"187,594"
Jul-21,United States,Massachusetts,"37,284",2,"10,515","5,642,181",62,"3,521,149",66,5,"180,418"
Jul-21,United States,Michigan,"74,826",2,"13,080","7,993,437",56,"4,487,742",59,5,"227,397"
Jul-21,United States,Minnesota,"19,127",2,"7,543","4,467,802",65,"2,912,290",68,4,"117,688"
Jul-21,United States,Mississippi,"12,345",2,"24,532","2,285,714",53,"1,200,496",56,6,"78,301"
Jul-21,United States,Missouri,"34,779",2,"61,493","4,853,966",61,"2,946,762",63,4,"128,606"
Jul-21,United States,Montana,"4,467",1,"2,699","871,877",60,"519,903",62,4,"19,494"
Jul-21,United States,Nebraska,"6,467",1,"4,203","1,493,601",67,"997,545",68,2,"23,860"
Jul-21,United States,Nevada,"16,319",4,"23,532","2,527,828",58,"1,455,997",62,8,"121,592"
Jul-21,United States,New Hampshire,"3,317",2,"1,262","1,136,828",64,"729,486",66,3,"22,081"
Jul-21,United States,New Jersey,"56,369",4,"15,958","7,067,682",58,"4,104,851",63,7,"321,061"
Jul-21,United States,New Mexico,"19,054",3,"5,232","1,664,303",53,"881,803",57,8,"72,474"
Jul-21,United States,New York,"117,212",3,"36,652","22,061,825",55,"12,232,628",61,8,"1,126,554"
Jul-21,United States,North Carolina,"25,703",1,"47,379","8,462,669",57,"4,777,358",59,4,"222,455"
Jul-21,United States,North Dakota,"2,046",1,940,"586,532",66,"387,546",69,4,"15,821"
Jul-21,United States,Ohio,"54,953",1,"17,711","9,265,055",57,"5,304,163",61,5,"300,395"
Jul-21,United States,Oklahoma,"26,207",2,"26,187","3,074,841",59,"1,798,669",61,4,"64,754"
Jul-21,United States,Oregon,"26,070",3,"11,799","3,471,805",59,"2,056,679",63,5,"113,936"
Jul-21,United States,Pennsylvania,"135,415",3,"13,522","10,270,907",57,"5,890,211",61,7,"411,744"
Jul-21,United States,Rhode Island,"23,187",4,"2,112","864,179",59,"505,259",62,6,"30,815"
Jul-21,United States,South Carolina,"10,074",2,"22,849","4,193,182",55,"2,299,349",57,4,"103,454"
Jul-21,United States,South Dakota,"1,006",1,839,"685,026",67,"457,162",69,3,"13,541"
Jul-21,United States,Tennessee,"32,170",2,"30,445","5,497,845",58,"3,175,465",61,5,"158,337"
Jul-21,United States,Texas,"167,581",2,"134,719","22,641,284",58,"13,228,816",62,6,"876,677"
Jul-21,United States,Utah,"7,924",1,"18,076","2,450,926",66,"1,619,007",68,3,"43,435"
Jul-21,United States,Vermont,"1,692",2,481,"518,951",59,"306,524",61,3,"9,625"
Jul-21,United States,Virginia,"31,288",1,"16,302","6,752,073",60,"4,065,578",63,4,"176,193"
Jul-21,United States,Washington,"27,091",2,"23,551","6,168,817",60,"3,707,080",63,5,"199,207"
Jul-21,United States,West Virginia,"4,869",2,"3,196","1,436,659",52,"753,130",55,5,"39,933"
Jul-21,United States,Wisconsin,"37,887",2,"10,271","4,672,898",64,"2,982,792",66,4,"121,562"
Jul-21,United States,Wyoming,"1,675",1,"2,949","457,723",61,"280,242",65,5,"15,430"
Aug-21,United States,Alabama,"22,503",1,"116,708","3,899,874",55,"2,138,588",57,3,"69,014"
Aug-21,United States,Alaska,"5,588",2,"12,078","544,142",60,"326,860",64,6,"22,507"
Aug-21,United States,Arizona,"12,019",1,"84,688","6,009,634",57,"3,412,518",61,6,"225,161"
Aug-21,United States,Arkansas,"6,931",2,"66,439","2,373,561",55,"1,300,190",57,4,"57,226"
Aug-21,United States,California,"249,873",4,"401,722","39,075,539",57,"22,133,157",62,8,"1,948,499"
Aug-21,United States,Colorado,"13,735",1,"40,653","4,677,986",64,"3,004,247",68,6,"188,947"
Aug-21,United States,Connecticut,"13,634",3,"18,171","2,876,033",58,"1,680,308",63,7,"129,886"
Aug-21,United States,Delaware,"2,092",2,"8,445","801,874",58,"462,543",61,5,"26,371"
Aug-21,United States,District of Columbia,"8,006",4,"4,708","585,145",65,"382,110",70,7,"27,585"
Aug-21,United States,Florida,"29,014",1,"639,642","17,867,608",56,"10,013,490",59,5,"529,573"
Aug-21,United States,Georgia,"41,539",2,"220,304","8,393,776",60,"4,992,625",62,4,"181,591"
Aug-21,United States,Hawaii,"8,467",3,"20,710","1,079,257",56,"601,782",60,7,"45,558"
Aug-21,United States,Idaho,"3,918",1,"20,616","1,448,462",61,"878,366",63,3,"26,555"
Aug-21,United States,Illinois,"77,679",3,"101,462","9,907,145",58,"5,781,656",63,7,"435,949"
Aug-21,United States,Indiana,"25,460",1,"86,335","5,300,284",61,"3,205,534",63,4,"137,437"
Aug-21,United States,Iowa,"7,118",1,"26,334","2,484,587",64,"1,592,528",67,4,"68,005"
Aug-21,United States,Kansas,"5,380",1,"37,573","2,240,663",65,"1,457,261",68,4,"57,952"
Aug-21,United States,Kentucky,"9,319",1,"100,489","3,518,922",54,"1,900,726",56,4,"85,010"
Aug-21,United States,Louisiana,"9,020",2,"144,319","3,574,693",54,"1,937,566",58,6,"128,320"
Aug-21,United States,Maine,"3,064",1,"5,826","1,124,006",57,"644,491",60,5,"33,226"
Aug-21,United States,Maryland,"24,464",2,"29,555","4,772,633",62,"2,954,396",66,6,"187,997"
Aug-21,United States,Massachusetts,"26,389",2,"39,388","5,642,135",63,"3,524,102",66,5,"185,393"
Aug-21,United States,Michigan,"38,421",2,"46,562","7,994,128",56,"4,502,135",59,5,"223,885"
Aug-21,United States,Minnesota,"14,891",2,"37,056","4,469,787",65,"2,915,708",68,4,"114,921"
Aug-21,United States,Mississippi,"8,779",1,"92,830","2,286,002",53,"1,200,747",56,6,"77,135"
Aug-21,United States,Missouri,"23,461",1,"79,045","4,856,108",61,"2,949,591",63,4,"123,102"
Aug-21,United States,Montana,"2,876",1,"10,773","872,802",60,"521,540",62,4,"19,138"
Aug-21,United States,Nebraska,"3,897",1,"16,171","1,494,315",67,"999,546",68,2,"22,359"
Aug-21,United States,Nevada,"9,648",3,"33,356","2,532,034",57,"1,450,939",62,8,"120,483"
Aug-21,United States,New Hampshire,"2,316",1,"6,923","1,137,455",64,"728,716",66,3,"22,185"
Aug-21,United States,New Jersey,"39,621",3,"52,613","7,067,634",58,"4,110,436",63,7,"319,773"
Aug-21,United States,New Mexico,"17,056",2,"21,840","1,665,450",53,"884,958",57,7,"68,782"
Aug-21,United States,New York,"62,910",3,"128,426","22,047,781",56,"12,237,906",61,8,"1,098,027"
Aug-21,United States,North Carolina,"20,763",1,"173,926","8,472,154",57,"4,794,897",59,4,"216,574"
Aug-21,United States,North Dakota,"1,128",1,"6,297","586,702",66,"387,329",69,4,"14,569"
Aug-21,United States,Ohio,"42,250",1,"91,623","9,266,780",58,"5,333,351",61,5,"304,977"
Aug-21,United States,Oklahoma,"13,646",2,"70,129","3,076,994",59,"1,801,999",61,3,"60,554"
Aug-21,United States,Oregon,"23,937",2,"55,851","3,474,754",59,"2,062,899",63,5,"107,512"
Aug-21,United States,Pennsylvania,"39,635",2,"69,312","10,271,604",57,"5,888,485",61,6,"404,715"
Aug-21,United States,Rhode Island,"9,857",3,"8,362","864,275",58,"503,786",62,6,"30,887"
Aug-21,United States,South Carolina,"5,781",2,"116,990","4,198,972",55,"2,302,920",57,4,"101,481"
Aug-21,United States,South Dakota,684,0,"6,884","685,502",67,"457,633",69,3,"13,647"
Aug-21,United States,Tennessee,"22,329",1,"154,898","5,503,407",58,"3,178,886",61,5,"154,306"
Aug-21,United States,Texas,"94,992",2,"448,541","22,672,578",59,"13,291,774",62,6,"835,698"
Aug-21,United States,Utah,"7,194",1,"31,207","2,455,273",66,"1,625,161",68,3,"42,525"
Aug-21,United States,Vermont,"1,246",2,"3,152","519,037",59,"307,773",61,3,"9,653"
Aug-21,United States,Virginia,"46,519",1,"72,976","6,755,024",60,"4,079,663",63,4,"168,392"
Aug-21,United States,Washington,"22,116",2,"87,895","6,175,064",60,"3,724,144",64,5,"198,818"
Aug-21,United States,West Virginia,"4,422",2,"22,453","1,436,288",53,"754,619",55,5,"38,121"
Aug-21,United States,Wisconsin,"27,887",2,"46,047","4,674,878",64,"2,987,366",67,4,"122,632"
Aug-21,United States,Wyoming,"1,205",1,"9,897","458,056",61,"280,237",64,5,"14,510"
Sep-21,United States,Alabama,"17,045",0,"93,952","3,901,964",55,"2,139,093",57,3,"68,544"
Sep-21,United States,Alaska,"4,729",2,"25,248","544,093",60,"327,231",64,6,"22,007"
Sep-21,United States,Arizona,"21,576",1,"81,660","6,022,140",57,"3,434,885",61,6,"209,125"
Sep-21,United States,Arkansas,"5,940",1,"43,186","2,375,107",55,"1,303,751",57,4,"54,259"
Sep-21,United States,California,"256,677",3,"291,469","39,078,979",57,"22,179,718",62,8,"1,919,561"
Sep-21,United States,Colorado,"9,225",1,"50,798","4,683,656",64,"3,013,519",68,6,"178,798"
Sep-21,United States,Connecticut,"10,408",2,"17,273","2,875,865",59,"1,688,761",63,7,"123,375"
Sep-21,United States,Delaware,"3,073",1,"13,111","802,845",58,"462,724",61,5,"26,073"
Sep-21,United States,District of Columbia,"19,164",3,"5,347","585,345",66,"384,041",70,7,"26,711"
Sep-21,United States,Florida,"32,008",1,"307,219","17,887,845",56,"10,075,984",59,5,"517,021"
Sep-21,United States,Georgia,"27,556",2,"175,134","8,402,313",60,"5,000,347",62,3,"167,828"
Sep-21,United States,Hawaii,"11,953",3,"15,431","1,078,919",56,"603,845",60,7,"42,982"
Sep-21,United States,Idaho,"3,344",0,"35,933","1,451,879",61,"880,283",62,3,"25,908"
Sep-21,United States,Illinois,"41,317",3,"104,566","9,904,709",59,"5,801,323",63,7,"421,711"
Sep-21,United States,Indiana,"17,146",1,"104,242","5,303,076",61,"3,206,690",63,4,"134,842"
Sep-21,United States,Iowa,"6,662",1,"47,250","2,485,391",64,"1,594,365",67,4,"66,105"
Sep-21,United States,Kansas,"5,396",1,"39,045","2,241,517",65,"1,455,727",68,4,"59,039"
Sep-21,United States,Kentucky,"12,504",1,"114,446","3,520,233",54,"1,902,645",57,4,"84,707"
Sep-21,United States,Louisiana,"34,820",2,"50,833","3,574,859",54,"1,942,013",58,6,"120,149"
Sep-21,United States,Maine,"2,310",1,"14,438","1,124,621",58,"646,364",60,5,"32,946"
Sep-21,United States,Maryland,"27,017",2,"35,494","4,773,310",62,"2,957,475",66,6,"185,591"
Sep-21,United States,Massachusetts,"25,424",2,"52,082","5,642,362",63,"3,527,888",66,5,"192,858"
Sep-21,United States,Michigan,"53,966",2,"91,984","7,995,169",57,"4,517,790",59,5,"220,290"
Sep-21,United States,Minnesota,"16,190",2,"61,130","4,471,935",65,"2,923,759",68,4,"110,970"
Sep-21,United States,Mississippi,"6,438",1,"49,555","2,286,412",53,"1,201,303",56,6,"73,982"
Sep-21,United States,Missouri,"19,295",1,"61,059","4,858,443",61,"2,951,869",63,4,"118,110"
Sep-21,United States,Montana,"2,915",1,"23,806","873,824",60,"523,116",62,3,"18,116"
Sep-21,United States,Nebraska,"4,832",0,"22,014","1,495,110",67,"1,002,234",68,2,"20,687"
Sep-21,United States,Nevada,"11,069",3,"30,719","2,536,317",57,"1,445,307",62,8,"117,302"
Sep-21,United States,New Hampshire,"1,779",1,"12,579","1,138,138",64,"727,802",66,3,"21,876"
Sep-21,United States,New Jersey,"30,739",3,"62,604","7,067,929",58,"4,116,334",63,7,"315,720"
Sep-21,United States,New Mexico,"10,745",2,"20,410","1,666,680",53,"886,344",57,7,"65,585"
Sep-21,United States,New York,"62,357",3,"148,287","22,034,540",56,"12,251,825",60,8,"1,053,699"
Sep-21,United States,North Carolina,"16,790",1,"161,914","8,482,043",57,"4,810,394",59,4,"211,500"
Sep-21,United States,North Dakota,953,0,"14,853","586,928",66,"387,998",69,4,"14,029"
Sep-21,United States,Ohio,"45,778",1,"193,072","9,268,896",58,"5,357,969",61,5,"303,344"
Sep-21,United States,Oklahoma,"10,376",1,"60,721","3,079,326",59,"1,805,858",60,3,"55,122"
Sep-21,United States,Oregon,"23,778",3,"53,767","3,477,896",60,"2,067,612",62,5,"102,074"
Sep-21,United States,Pennsylvania,"42,661",2,"129,572","10,272,754",57,"5,886,464",61,6,"390,373"
Sep-21,United States,Rhode Island,"4,826",3,"9,763","864,433",63,"547,116",67,5,"30,112"
Sep-21,United States,South Carolina,"6,475",1,"121,672","4,204,953",55,"2,307,087",57,4,"98,170"
Sep-21,United States,South Dakota,652,0,"12,759","686,024",67,"457,599",69,3,"13,460"
Sep-21,United States,Tennessee,"18,357",1,"176,693","5,509,190",58,"3,175,467",60,4,"146,887"
Sep-21,United States,Texas,"75,366",1,"442,670","22,705,104",59,"13,369,025",62,6,"796,980"
Sep-21,United States,Utah,"4,865",0,"44,072","2,459,793",66,"1,629,945",68,2,"40,111"
Sep-21,United States,Vermont,"1,421",1,"4,796","519,118",60,"309,151",61,3,"9,071"
Sep-21,United States,Virginia,"34,680",1,"99,486","6,758,326",60,"4,084,410",63,4,"159,786"
Sep-21,United States,Washington,"20,597",2,"94,585","6,181,559",61,"3,742,966",64,5,"193,976"
Sep-21,United States,West Virginia,"3,813",1,"50,769","1,435,988",53,"755,769",55,5,"36,028"
Sep-21,United States,Wisconsin,"26,324",1,"76,224","4,677,059",64,"2,993,017",67,4,"121,372"
Sep-21,United States,Wyoming,"1,189",1,"15,466","458,391",61,"280,427",64,5,"13,227"
